ALTER TABLE "rencar$contract" ADD "comments" VARCHAR_IGNORECASE(2147483647) NULL;
ALTER TABLE "rencar$contract" ADD "hascomments" BOOLEAN NULL;
UPDATE "rencar$contract"
 SET "hascomments" = false;
INSERT INTO "mendixsystem$attribute" ("id", 
"entity_id", 
"attribute_name", 
"column_name", 
"type", 
"length", 
"default_value", 
"is_auto_number")
 VALUES ('1a39819f-2625-485d-a4af-165c02da4279', 
'805312d2-05f7-4eac-9003-4f4b1537b362', 
'HasComments', 
'hascomments', 
10, 
0, 
'false', 
false);
INSERT INTO "mendixsystem$attribute" ("id", 
"entity_id", 
"attribute_name", 
"column_name", 
"type", 
"length", 
"default_value", 
"is_auto_number")
 VALUES ('9ff458ee-8fa8-46ed-8eac-0ce4675d381e', 
'805312d2-05f7-4eac-9003-4f4b1537b362', 
'Comments', 
'comments', 
30, 
0, 
'', 
false);
CREATE TABLE "excelimporter$column" (
	"id" BIGINT NOT NULL,
	"colnumber" INT NULL,
	"text" VARCHAR_IGNORECASE(2147483647) NULL,
	"mappingtype" VARCHAR_IGNORECASE(9) NULL,
	"iskey" VARCHAR_IGNORECASE(3) NULL,
	"isreferencekey" VARCHAR_IGNORECASE(26) NULL,
	"status" VARCHAR_IGNORECASE(7) NULL,
	"details" VARCHAR_IGNORECASE(1000) NULL,
	"casesensitive" VARCHAR_IGNORECASE(3) NULL,
	"findattribute" VARCHAR_IGNORECASE(200) NULL,
	"findreference" VARCHAR_IGNORECASE(200) NULL,
	"findobjecttype" VARCHAR_IGNORECASE(200) NULL,
	"findmicroflow" VARCHAR_IGNORECASE(200) NULL,
	"datasource" VARCHAR_IGNORECASE(23) NULL,
	"attributetypeenum" VARCHAR_IGNORECASE(11) NULL,
	"inputmask" VARCHAR_IGNORECASE(20) NULL,
	"createddate" TIMESTAMP NULL,
	"changeddate" TIMESTAMP NULL,
	"system$changedby" BIGINT NULL,
	"system$owner" BIGINT NULL,
	PRIMARY KEY("id"));
CREATE INDEX "idx_excelimporter$column_system$changedby" ON "excelimporter$column" ("system$changedby" ASC,"id" ASC);
CREATE INDEX "idx_excelimporter$column_system$owner" ON "excelimporter$column" ("system$owner" ASC,"id" ASC);
INSERT INTO "mendixsystem$entity" ("id", 
"entity_name", 
"table_name", 
"remote", 
"remote_primary_key")
 VALUES ('b1dd6c41-ea2f-451d-8e87-4e624e63fa90', 
'ExcelImporter.Column', 
'excelimporter$column', 
false, 
false);
INSERT INTO "mendixsystem$attribute" ("id", 
"entity_id", 
"attribute_name", 
"column_name", 
"type", 
"length", 
"default_value", 
"is_auto_number")
 VALUES ('cb00f91c-dac1-4d38-b051-bd25aca72ff2', 
'b1dd6c41-ea2f-451d-8e87-4e624e63fa90', 
'ColNumber', 
'colnumber', 
3, 
0, 
'', 
false);
INSERT INTO "mendixsystem$attribute" ("id", 
"entity_id", 
"attribute_name", 
"column_name", 
"type", 
"length", 
"default_value", 
"is_auto_number")
 VALUES ('df6d3b9b-c420-4b69-99c6-c2a5c3172713', 
'b1dd6c41-ea2f-451d-8e87-4e624e63fa90', 
'Text', 
'text', 
30, 
0, 
'', 
false);
INSERT INTO "mendixsystem$attribute" ("id", 
"entity_id", 
"attribute_name", 
"column_name", 
"type", 
"length", 
"default_value", 
"is_auto_number")
 VALUES ('1ced3cc6-d63d-4976-b194-dc3c11709bc1', 
'b1dd6c41-ea2f-451d-8e87-4e624e63fa90', 
'MappingType', 
'mappingtype', 
40, 
9, 
'DoNotUse', 
false);
INSERT INTO "mendixsystem$attribute" ("id", 
"entity_id", 
"attribute_name", 
"column_name", 
"type", 
"length", 
"default_value", 
"is_auto_number")
 VALUES ('b440683e-0a9f-414f-a3d7-29f622069347', 
'b1dd6c41-ea2f-451d-8e87-4e624e63fa90', 
'IsKey', 
'iskey', 
40, 
3, 
'No', 
false);
INSERT INTO "mendixsystem$attribute" ("id", 
"entity_id", 
"attribute_name", 
"column_name", 
"type", 
"length", 
"default_value", 
"is_auto_number")
 VALUES ('e9012bcb-1fe8-4406-9d06-be2a52f83d85', 
'b1dd6c41-ea2f-451d-8e87-4e624e63fa90', 
'IsReferenceKey', 
'isreferencekey', 
40, 
26, 
'NoKey', 
false);
INSERT INTO "mendixsystem$attribute" ("id", 
"entity_id", 
"attribute_name", 
"column_name", 
"type", 
"length", 
"default_value", 
"is_auto_number")
 VALUES ('506391dc-ad28-483f-bbad-1d1ccb8f7681', 
'b1dd6c41-ea2f-451d-8e87-4e624e63fa90', 
'Status', 
'status', 
40, 
7, 
'INFO', 
false);
INSERT INTO "mendixsystem$attribute" ("id", 
"entity_id", 
"attribute_name", 
"column_name", 
"type", 
"length", 
"default_value", 
"is_auto_number")
 VALUES ('a6a27ef7-9760-4845-a533-c766fa192a01', 
'b1dd6c41-ea2f-451d-8e87-4e624e63fa90', 
'Details', 
'details', 
30, 
1000, 
'', 
false);
INSERT INTO "mendixsystem$attribute" ("id", 
"entity_id", 
"attribute_name", 
"column_name", 
"type", 
"length", 
"default_value", 
"is_auto_number")
 VALUES ('37392b99-7395-44ac-9ead-bb0baef2c638', 
'b1dd6c41-ea2f-451d-8e87-4e624e63fa90', 
'CaseSensitive', 
'casesensitive', 
40, 
3, 
'No', 
false);
INSERT INTO "mendixsystem$attribute" ("id", 
"entity_id", 
"attribute_name", 
"column_name", 
"type", 
"length", 
"default_value", 
"is_auto_number")
 VALUES ('6c89ca6b-84a4-4f9d-8842-9bf6886ff91d', 
'b1dd6c41-ea2f-451d-8e87-4e624e63fa90', 
'FindAttribute', 
'findattribute', 
30, 
200, 
'', 
false);
INSERT INTO "mendixsystem$attribute" ("id", 
"entity_id", 
"attribute_name", 
"column_name", 
"type", 
"length", 
"default_value", 
"is_auto_number")
 VALUES ('5889aa58-fad2-46c0-ab48-4419db1b93fb', 
'b1dd6c41-ea2f-451d-8e87-4e624e63fa90', 
'FindReference', 
'findreference', 
30, 
200, 
'', 
false);
INSERT INTO "mendixsystem$attribute" ("id", 
"entity_id", 
"attribute_name", 
"column_name", 
"type", 
"length", 
"default_value", 
"is_auto_number")
 VALUES ('d517ec0a-4eaa-4ae7-945f-495de2781851', 
'b1dd6c41-ea2f-451d-8e87-4e624e63fa90', 
'FindObjectType', 
'findobjecttype', 
30, 
200, 
'', 
false);
INSERT INTO "mendixsystem$attribute" ("id", 
"entity_id", 
"attribute_name", 
"column_name", 
"type", 
"length", 
"default_value", 
"is_auto_number")
 VALUES ('ea4dde8c-278a-4f02-b7b0-04c5b4a495b9', 
'b1dd6c41-ea2f-451d-8e87-4e624e63fa90', 
'FindMicroflow', 
'findmicroflow', 
30, 
200, 
'', 
false);
INSERT INTO "mendixsystem$attribute" ("id", 
"entity_id", 
"attribute_name", 
"column_name", 
"type", 
"length", 
"default_value", 
"is_auto_number")
 VALUES ('958adfc3-e420-416c-ad7f-3df760f89ba6', 
'b1dd6c41-ea2f-451d-8e87-4e624e63fa90', 
'DataSource', 
'datasource', 
40, 
23, 
'CellValue', 
false);
INSERT INTO "mendixsystem$attribute" ("id", 
"entity_id", 
"attribute_name", 
"column_name", 
"type", 
"length", 
"default_value", 
"is_auto_number")
 VALUES ('780568be-48af-4015-9c3a-f027af43cfe4', 
'b1dd6c41-ea2f-451d-8e87-4e624e63fa90', 
'AttributeTypeEnum', 
'attributetypeenum', 
40, 
11, 
'', 
false);
INSERT INTO "mendixsystem$attribute" ("id", 
"entity_id", 
"attribute_name", 
"column_name", 
"type", 
"length", 
"default_value", 
"is_auto_number")
 VALUES ('c8c1b55f-1acc-4b93-8310-14fae5b11cc9', 
'b1dd6c41-ea2f-451d-8e87-4e624e63fa90', 
'InputMask', 
'inputmask', 
30, 
20, 
'', 
false);
INSERT INTO "mendixsystem$attribute" ("id", 
"entity_id", 
"attribute_name", 
"column_name", 
"type", 
"length", 
"default_value", 
"is_auto_number")
 VALUES ('4c89c621-4992-3113-9546-550767a6fa5e', 
'b1dd6c41-ea2f-451d-8e87-4e624e63fa90', 
'createdDate', 
'createddate', 
20, 
0, 
'', 
false);
INSERT INTO "mendixsystem$attribute" ("id", 
"entity_id", 
"attribute_name", 
"column_name", 
"type", 
"length", 
"default_value", 
"is_auto_number")
 VALUES ('fae85679-1c5f-30ae-909f-721cc2ea0562', 
'b1dd6c41-ea2f-451d-8e87-4e624e63fa90', 
'changedDate', 
'changeddate', 
20, 
0, 
'', 
false);
INSERT INTO "mendixsystem$index" ("id", 
"table_id", 
"index_name")
 VALUES ('503f861e-fc22-3b19-b76d-8c97f29f8226', 
'b1dd6c41-ea2f-451d-8e87-4e624e63fa90', 
'idx_excelimporter$column_system$changedby');
INSERT INTO "mendixsystem$index_column" ("index_id", 
"column_id", 
"sort_order", 
"ordinal")
 VALUES ('503f861e-fc22-3b19-b76d-8c97f29f8226', 
'f0475b2a-66be-3f52-a949-1a83154a4fbe', 
false, 
0);
INSERT INTO "mendixsystem$index" ("id", 
"table_id", 
"index_name")
 VALUES ('dc139b8d-cc32-39ee-a396-63ac3e35c900', 
'b1dd6c41-ea2f-451d-8e87-4e624e63fa90', 
'idx_excelimporter$column_system$owner');
INSERT INTO "mendixsystem$index_column" ("index_id", 
"column_id", 
"sort_order", 
"ordinal")
 VALUES ('dc139b8d-cc32-39ee-a396-63ac3e35c900', 
'a9a5638d-ea2d-319a-895d-6c96ce5232bf', 
false, 
0);
INSERT INTO "mendixsystem$association" ("id", 
"association_name", 
"table_name", 
"parent_entity_id", 
"child_entity_id", 
"parent_column_name", 
"child_column_name")
 VALUES ('f0475b2a-66be-3f52-a949-1a83154a4fbe', 
'System.changedBy', 
'system$changedby', 
'b1dd6c41-ea2f-451d-8e87-4e624e63fa90', 
'282e2e60-88a5-469d-84a5-ba8d9151644f', 
'id', 
'system$changedby');
INSERT INTO "mendixsystem$association" ("id", 
"association_name", 
"table_name", 
"parent_entity_id", 
"child_entity_id", 
"parent_column_name", 
"child_column_name")
 VALUES ('a9a5638d-ea2d-319a-895d-6c96ce5232bf', 
'System.owner', 
'system$owner', 
'b1dd6c41-ea2f-451d-8e87-4e624e63fa90', 
'282e2e60-88a5-469d-84a5-ba8d9151644f', 
'id', 
'system$owner');
CREATE TABLE "excelimporter$column_mastercolumn" (
	"excelimporter$columnid1" BIGINT NOT NULL,
	"excelimporter$columnid2" BIGINT NOT NULL,
	PRIMARY KEY("excelimporter$columnid1","excelimporter$columnid2"),
	CONSTRAINT "uniq_excelimporter$column_mastercolumn_excelimporter$columnid1" UNIQUE ("excelimporter$columnid1"));
CREATE INDEX "idx_excelimporter$column_mastercolumn_excelimporter$column_excelimporter$column" ON "excelimporter$column_mastercolumn" ("excelimporter$columnid2" ASC,"excelimporter$columnid1" ASC);
INSERT INTO "mendixsystem$association" ("id", 
"association_name", 
"table_name", 
"parent_entity_id", 
"child_entity_id", 
"parent_column_name", 
"child_column_name", 
"index_name")
 VALUES ('afa7f37c-984a-4298-9b02-da7b6a204455', 
'ExcelImporter.Column_MasterColumn', 
'excelimporter$column_mastercolumn', 
'b1dd6c41-ea2f-451d-8e87-4e624e63fa90', 
'b1dd6c41-ea2f-451d-8e87-4e624e63fa90', 
'excelimporter$columnid1', 
'excelimporter$columnid2', 
'idx_excelimporter$column_mastercolumn_excelimporter$column_excelimporter$column');
INSERT INTO "mendixsystem$unique_constraint" ("name", 
"table_id", 
"column_id")
 VALUES ('uniq_excelimporter$column_mastercolumn_excelimporter$columnid1', 
'afa7f37c-984a-4298-9b02-da7b6a204455', 
'eec4a816-fb18-3d05-b04d-350b7278bd0d');
CREATE TABLE "excelimporter$column_template" (
	"excelimporter$columnid" BIGINT NOT NULL,
	"excelimporter$templateid" BIGINT NOT NULL,
	PRIMARY KEY("excelimporter$columnid","excelimporter$templateid"),
	CONSTRAINT "uniq_excelimporter$column_template_excelimporter$columnid" UNIQUE ("excelimporter$columnid"));
CREATE INDEX "idx_excelimporter$column_template_excelimporter$template_excelimporter$column" ON "excelimporter$column_template" ("excelimporter$templateid" ASC,"excelimporter$columnid" ASC);
INSERT INTO "mendixsystem$association" ("id", 
"association_name", 
"table_name", 
"parent_entity_id", 
"child_entity_id", 
"parent_column_name", 
"child_column_name", 
"index_name")
 VALUES ('83b75f84-e720-4d96-a538-571da42d24a2', 
'ExcelImporter.Column_Template', 
'excelimporter$column_template', 
'b1dd6c41-ea2f-451d-8e87-4e624e63fa90', 
'ebea215e-7447-40b0-a590-9a2a915cac4e', 
'excelimporter$columnid', 
'excelimporter$templateid', 
'idx_excelimporter$column_template_excelimporter$template_excelimporter$column');
INSERT INTO "mendixsystem$unique_constraint" ("name", 
"table_id", 
"column_id")
 VALUES ('uniq_excelimporter$column_template_excelimporter$columnid', 
'83b75f84-e720-4d96-a538-571da42d24a2', 
'37b0aa4f-21bb-32e9-a821-d5301219afcb');
CREATE TABLE "excelimporter$column_microflows" (
	"excelimporter$columnid" BIGINT NOT NULL,
	"mxmodelreflection$microflowsid" BIGINT NOT NULL,
	PRIMARY KEY("excelimporter$columnid","mxmodelreflection$microflowsid"),
	CONSTRAINT "uniq_excelimporter$column_microflows_excelimporter$columnid" UNIQUE ("excelimporter$columnid"));
CREATE INDEX "idx_excelimporter$column_microflows_mxmodelreflection$microflows_excelimporter$column" ON "excelimporter$column_microflows" ("mxmodelreflection$microflowsid" ASC,"excelimporter$columnid" ASC);
INSERT INTO "mendixsystem$association" ("id", 
"association_name", 
"table_name", 
"parent_entity_id", 
"child_entity_id", 
"parent_column_name", 
"child_column_name", 
"index_name")
 VALUES ('0e480541-a95e-442f-91b2-5de349821426', 
'ExcelImporter.Column_Microflows', 
'excelimporter$column_microflows', 
'b1dd6c41-ea2f-451d-8e87-4e624e63fa90', 
'a7c94e7a-7b96-445f-baa8-1b43e7480948', 
'excelimporter$columnid', 
'mxmodelreflection$microflowsid', 
'idx_excelimporter$column_microflows_mxmodelreflection$microflows_excelimporter$column');
INSERT INTO "mendixsystem$unique_constraint" ("name", 
"table_id", 
"column_id")
 VALUES ('uniq_excelimporter$column_microflows_excelimporter$columnid', 
'0e480541-a95e-442f-91b2-5de349821426', 
'6aa7732c-24d8-3048-861f-cecaa0dad08e');
CREATE TABLE "excelimporter$column_valuetype" (
	"excelimporter$columnid" BIGINT NOT NULL,
	"mxmodelreflection$valuetypeid" BIGINT NOT NULL,
	PRIMARY KEY("excelimporter$columnid","mxmodelreflection$valuetypeid"),
	CONSTRAINT "uniq_excelimporter$column_valuetype_excelimporter$columnid" UNIQUE ("excelimporter$columnid"));
CREATE INDEX "idx_excelimporter$column_valuetype_mxmodelreflection$valuetype_excelimporter$column" ON "excelimporter$column_valuetype" ("mxmodelreflection$valuetypeid" ASC,"excelimporter$columnid" ASC);
INSERT INTO "mendixsystem$association" ("id", 
"association_name", 
"table_name", 
"parent_entity_id", 
"child_entity_id", 
"parent_column_name", 
"child_column_name", 
"index_name")
 VALUES ('cf344af6-0562-4b5f-828b-8750fe250988', 
'ExcelImporter.Column_ValueType', 
'excelimporter$column_valuetype', 
'b1dd6c41-ea2f-451d-8e87-4e624e63fa90', 
'f7c24ff3-e8bf-4554-b67a-42f9792520d7', 
'excelimporter$columnid', 
'mxmodelreflection$valuetypeid', 
'idx_excelimporter$column_valuetype_mxmodelreflection$valuetype_excelimporter$column');
INSERT INTO "mendixsystem$unique_constraint" ("name", 
"table_id", 
"column_id")
 VALUES ('uniq_excelimporter$column_valuetype_excelimporter$columnid', 
'cf344af6-0562-4b5f-828b-8750fe250988', 
'ede54b33-8a28-376c-acb8-31ce580aa521');
CREATE TABLE "excelimporter$column_mxobjecttype_reference" (
	"excelimporter$columnid" BIGINT NOT NULL,
	"mxmodelreflection$mxobjecttypeid" BIGINT NOT NULL,
	PRIMARY KEY("excelimporter$columnid","mxmodelreflection$mxobjecttypeid"),
	CONSTRAINT "uniq_excelimporter$column_mxobjecttype_reference_excelimporter$columnid" UNIQUE ("excelimporter$columnid"));
CREATE INDEX "idx_excelimporter$column_mxobjecttype_reference_mxmodelreflection$mxobjecttype_excelimporter$column" ON "excelimporter$column_mxobjecttype_reference" ("mxmodelreflection$mxobjecttypeid" ASC,"excelimporter$columnid" ASC);
INSERT INTO "mendixsystem$association" ("id", 
"association_name", 
"table_name", 
"parent_entity_id", 
"child_entity_id", 
"parent_column_name", 
"child_column_name", 
"index_name")
 VALUES ('5313ba81-0e72-4fa8-9b36-f2b1dd5f98e2', 
'ExcelImporter.Column_MxObjectType_Reference', 
'excelimporter$column_mxobjecttype_reference', 
'b1dd6c41-ea2f-451d-8e87-4e624e63fa90', 
'31627a0d-5a4a-44bf-8975-425ea835654a', 
'excelimporter$columnid', 
'mxmodelreflection$mxobjecttypeid', 
'idx_excelimporter$column_mxobjecttype_reference_mxmodelreflection$mxobjecttype_excelimporter$column');
INSERT INTO "mendixsystem$unique_constraint" ("name", 
"table_id", 
"column_id")
 VALUES ('uniq_excelimporter$column_mxobjecttype_reference_excelimporter$columnid', 
'5313ba81-0e72-4fa8-9b36-f2b1dd5f98e2', 
'49539f8b-dfde-310a-bda1-fcbc30e02566');
CREATE TABLE "excelimporter$column_mxobjecttype" (
	"excelimporter$columnid" BIGINT NOT NULL,
	"mxmodelreflection$mxobjecttypeid" BIGINT NOT NULL,
	PRIMARY KEY("excelimporter$columnid","mxmodelreflection$mxobjecttypeid"),
	CONSTRAINT "uniq_excelimporter$column_mxobjecttype_excelimporter$columnid" UNIQUE ("excelimporter$columnid"));
CREATE INDEX "idx_excelimporter$column_mxobjecttype_mxmodelreflection$mxobjecttype_excelimporter$column" ON "excelimporter$column_mxobjecttype" ("mxmodelreflection$mxobjecttypeid" ASC,"excelimporter$columnid" ASC);
INSERT INTO "mendixsystem$association" ("id", 
"association_name", 
"table_name", 
"parent_entity_id", 
"child_entity_id", 
"parent_column_name", 
"child_column_name", 
"index_name")
 VALUES ('c315ab23-22c4-4a3c-b88a-1bb5f0891b8e', 
'ExcelImporter.Column_MxObjectType', 
'excelimporter$column_mxobjecttype', 
'b1dd6c41-ea2f-451d-8e87-4e624e63fa90', 
'31627a0d-5a4a-44bf-8975-425ea835654a', 
'excelimporter$columnid', 
'mxmodelreflection$mxobjecttypeid', 
'idx_excelimporter$column_mxobjecttype_mxmodelreflection$mxobjecttype_excelimporter$column');
INSERT INTO "mendixsystem$unique_constraint" ("name", 
"table_id", 
"column_id")
 VALUES ('uniq_excelimporter$column_mxobjecttype_excelimporter$columnid', 
'c315ab23-22c4-4a3c-b88a-1bb5f0891b8e', 
'24b7735a-7d9a-3153-9c83-e763eff486fa');
CREATE TABLE "excelimporter$column_mxobjectmember_reference" (
	"excelimporter$columnid" BIGINT NOT NULL,
	"mxmodelreflection$mxobjectmemberid" BIGINT NOT NULL,
	PRIMARY KEY("excelimporter$columnid","mxmodelreflection$mxobjectmemberid"),
	CONSTRAINT "uniq_excelimporter$column_mxobjectmember_reference_excelimporter$columnid" UNIQUE ("excelimporter$columnid"));
CREATE INDEX "idx_excelimporter$column_mxobjectmember_reference_mxmodelreflection$mxobjectmember_excelimporter$column" ON "excelimporter$column_mxobjectmember_reference" ("mxmodelreflection$mxobjectmemberid" ASC,"excelimporter$columnid" ASC);
INSERT INTO "mendixsystem$association" ("id", 
"association_name", 
"table_name", 
"parent_entity_id", 
"child_entity_id", 
"parent_column_name", 
"child_column_name", 
"index_name")
 VALUES ('70ec5b98-0a05-4484-bc63-fc8a66fffae0', 
'ExcelImporter.Column_MxObjectMember_Reference', 
'excelimporter$column_mxobjectmember_reference', 
'b1dd6c41-ea2f-451d-8e87-4e624e63fa90', 
'6a703889-0124-418c-9b2b-d770cbe1faf8', 
'excelimporter$columnid', 
'mxmodelreflection$mxobjectmemberid', 
'idx_excelimporter$column_mxobjectmember_reference_mxmodelreflection$mxobjectmember_excelimporter$column');
INSERT INTO "mendixsystem$unique_constraint" ("name", 
"table_id", 
"column_id")
 VALUES ('uniq_excelimporter$column_mxobjectmember_reference_excelimporter$columnid', 
'70ec5b98-0a05-4484-bc63-fc8a66fffae0', 
'a80b886d-1609-3a1c-9bae-be3599b1d34e');
CREATE TABLE "excelimporter$column_mxobjectmember" (
	"excelimporter$columnid" BIGINT NOT NULL,
	"mxmodelreflection$mxobjectmemberid" BIGINT NOT NULL,
	PRIMARY KEY("excelimporter$columnid","mxmodelreflection$mxobjectmemberid"),
	CONSTRAINT "uniq_excelimporter$column_mxobjectmember_excelimporter$columnid" UNIQUE ("excelimporter$columnid"));
CREATE INDEX "idx_excelimporter$column_mxobjectmember_mxmodelreflection$mxobjectmember_excelimporter$column" ON "excelimporter$column_mxobjectmember" ("mxmodelreflection$mxobjectmemberid" ASC,"excelimporter$columnid" ASC);
INSERT INTO "mendixsystem$association" ("id", 
"association_name", 
"table_name", 
"parent_entity_id", 
"child_entity_id", 
"parent_column_name", 
"child_column_name", 
"index_name")
 VALUES ('6da23fd4-ce0e-45d3-8111-ad5f9bf6e4da', 
'ExcelImporter.Column_MxObjectMember', 
'excelimporter$column_mxobjectmember', 
'b1dd6c41-ea2f-451d-8e87-4e624e63fa90', 
'6a703889-0124-418c-9b2b-d770cbe1faf8', 
'excelimporter$columnid', 
'mxmodelreflection$mxobjectmemberid', 
'idx_excelimporter$column_mxobjectmember_mxmodelreflection$mxobjectmember_excelimporter$column');
INSERT INTO "mendixsystem$unique_constraint" ("name", 
"table_id", 
"column_id")
 VALUES ('uniq_excelimporter$column_mxobjectmember_excelimporter$columnid', 
'6da23fd4-ce0e-45d3-8111-ad5f9bf6e4da', 
'3058abab-fe8d-3946-806f-881afd0364e7');
CREATE TABLE "excelimporter$column_mxobjectreference" (
	"excelimporter$columnid" BIGINT NOT NULL,
	"mxmodelreflection$mxobjectreferenceid" BIGINT NOT NULL,
	PRIMARY KEY("excelimporter$columnid","mxmodelreflection$mxobjectreferenceid"),
	CONSTRAINT "uniq_excelimporter$column_mxobjectreference_excelimporter$columnid" UNIQUE ("excelimporter$columnid"));
CREATE INDEX "idx_excelimporter$column_mxobjectreference_mxmodelreflection$mxobjectreference_excelimporter$column" ON "excelimporter$column_mxobjectreference" ("mxmodelreflection$mxobjectreferenceid" ASC,"excelimporter$columnid" ASC);
INSERT INTO "mendixsystem$association" ("id", 
"association_name", 
"table_name", 
"parent_entity_id", 
"child_entity_id", 
"parent_column_name", 
"child_column_name", 
"index_name")
 VALUES ('60f958cc-caa8-4cc5-81ba-ea44850f7bad', 
'ExcelImporter.Column_MxObjectReference', 
'excelimporter$column_mxobjectreference', 
'b1dd6c41-ea2f-451d-8e87-4e624e63fa90', 
'a005c319-d760-4673-bbb3-14e57e66ffb0', 
'excelimporter$columnid', 
'mxmodelreflection$mxobjectreferenceid', 
'idx_excelimporter$column_mxobjectreference_mxmodelreflection$mxobjectreference_excelimporter$column');
INSERT INTO "mendixsystem$unique_constraint" ("name", 
"table_id", 
"column_id")
 VALUES ('uniq_excelimporter$column_mxobjectreference_excelimporter$columnid', 
'60f958cc-caa8-4cc5-81ba-ea44850f7bad', 
'f11f42dc-83f9-3b1c-8cf4-945652b34e38');
CREATE TABLE "xlsreport$mxxpath" (
	"id" BIGINT NOT NULL,
	"retrievetype" VARCHAR_IGNORECASE(9) NULL,
	"subvisible" BOOLEAN NULL,
	PRIMARY KEY("id"));
INSERT INTO "mendixsystem$entity" ("id", 
"entity_name", 
"table_name", 
"remote", 
"remote_primary_key")
 VALUES ('b7b8485c-6c4e-40ce-97d9-91feb6657148', 
'XLSReport.MxXPath', 
'xlsreport$mxxpath', 
false, 
false);
INSERT INTO "mendixsystem$attribute" ("id", 
"entity_id", 
"attribute_name", 
"column_name", 
"type", 
"length", 
"default_value", 
"is_auto_number")
 VALUES ('2cd40e39-5258-4a88-9c82-7f58ec0c3a18', 
'b7b8485c-6c4e-40ce-97d9-91feb6657148', 
'RetrieveType', 
'retrievetype', 
40, 
9, 
'', 
false);
INSERT INTO "mendixsystem$attribute" ("id", 
"entity_id", 
"attribute_name", 
"column_name", 
"type", 
"length", 
"default_value", 
"is_auto_number")
 VALUES ('16dd3b95-eb57-487b-b4f2-b2aafe9228d7', 
'b7b8485c-6c4e-40ce-97d9-91feb6657148', 
'SubVisible', 
'subvisible', 
10, 
0, 
'false', 
false);
CREATE TABLE "xlsreport$mxxpath_parentmxxpath" (
	"xlsreport$mxxpathid1" BIGINT NOT NULL,
	"xlsreport$mxxpathid2" BIGINT NOT NULL,
	PRIMARY KEY("xlsreport$mxxpathid1","xlsreport$mxxpathid2"),
	CONSTRAINT "uniq_xlsreport$mxxpath_parentmxxpath_xlsreport$mxxpathid1" UNIQUE ("xlsreport$mxxpathid1"));
CREATE INDEX "idx_xlsreport$mxxpath_parentmxxpath_xlsreport$mxxpath_xlsreport$mxxpath" ON "xlsreport$mxxpath_parentmxxpath" ("xlsreport$mxxpathid2" ASC,"xlsreport$mxxpathid1" ASC);
INSERT INTO "mendixsystem$association" ("id", 
"association_name", 
"table_name", 
"parent_entity_id", 
"child_entity_id", 
"parent_column_name", 
"child_column_name", 
"index_name")
 VALUES ('7335dffb-ac27-4121-9ff0-6dfc02d856fb', 
'XLSReport.MxXPath_ParentMxXPath', 
'xlsreport$mxxpath_parentmxxpath', 
'b7b8485c-6c4e-40ce-97d9-91feb6657148', 
'b7b8485c-6c4e-40ce-97d9-91feb6657148', 
'xlsreport$mxxpathid1', 
'xlsreport$mxxpathid2', 
'idx_xlsreport$mxxpath_parentmxxpath_xlsreport$mxxpath_xlsreport$mxxpath');
INSERT INTO "mendixsystem$unique_constraint" ("name", 
"table_id", 
"column_id")
 VALUES ('uniq_xlsreport$mxxpath_parentmxxpath_xlsreport$mxxpathid1', 
'7335dffb-ac27-4121-9ff0-6dfc02d856fb', 
'6fd51a2c-84a7-3ecd-be41-4cc1bcd85b63');
CREATE TABLE "xlsreport$mxxpath_mxobjectmember" (
	"xlsreport$mxxpathid" BIGINT NOT NULL,
	"mxmodelreflection$mxobjectmemberid" BIGINT NOT NULL,
	PRIMARY KEY("xlsreport$mxxpathid","mxmodelreflection$mxobjectmemberid"),
	CONSTRAINT "uniq_xlsreport$mxxpath_mxobjectmember_xlsreport$mxxpathid" UNIQUE ("xlsreport$mxxpathid"));
CREATE INDEX "idx_xlsreport$mxxpath_mxobjectmember_mxmodelreflection$mxobjectmember_xlsreport$mxxpath" ON "xlsreport$mxxpath_mxobjectmember" ("mxmodelreflection$mxobjectmemberid" ASC,"xlsreport$mxxpathid" ASC);
INSERT INTO "mendixsystem$association" ("id", 
"association_name", 
"table_name", 
"parent_entity_id", 
"child_entity_id", 
"parent_column_name", 
"child_column_name", 
"index_name")
 VALUES ('9b13d4cc-918c-4da9-81f3-7cca95923174', 
'XLSReport.MxXPath_MxObjectMember', 
'xlsreport$mxxpath_mxobjectmember', 
'b7b8485c-6c4e-40ce-97d9-91feb6657148', 
'6a703889-0124-418c-9b2b-d770cbe1faf8', 
'xlsreport$mxxpathid', 
'mxmodelreflection$mxobjectmemberid', 
'idx_xlsreport$mxxpath_mxobjectmember_mxmodelreflection$mxobjectmember_xlsreport$mxxpath');
INSERT INTO "mendixsystem$unique_constraint" ("name", 
"table_id", 
"column_id")
 VALUES ('uniq_xlsreport$mxxpath_mxobjectmember_xlsreport$mxxpathid', 
'9b13d4cc-918c-4da9-81f3-7cca95923174', 
'41e3bf3d-81a1-308b-a9eb-86bfdd5b42e6');
CREATE TABLE "xlsreport$mxxpath_mxobjectreference" (
	"xlsreport$mxxpathid" BIGINT NOT NULL,
	"mxmodelreflection$mxobjectreferenceid" BIGINT NOT NULL,
	PRIMARY KEY("xlsreport$mxxpathid","mxmodelreflection$mxobjectreferenceid"),
	CONSTRAINT "uniq_xlsreport$mxxpath_mxobjectreference_xlsreport$mxxpathid" UNIQUE ("xlsreport$mxxpathid"));
CREATE INDEX "idx_xlsreport$mxxpath_mxobjectreference_mxmodelreflection$mxobjectreference_xlsreport$mxxpath" ON "xlsreport$mxxpath_mxobjectreference" ("mxmodelreflection$mxobjectreferenceid" ASC,"xlsreport$mxxpathid" ASC);
INSERT INTO "mendixsystem$association" ("id", 
"association_name", 
"table_name", 
"parent_entity_id", 
"child_entity_id", 
"parent_column_name", 
"child_column_name", 
"index_name")
 VALUES ('5cd04993-beef-4312-a3c3-f61b38ec9663', 
'XLSReport.MxXPath_MxObjectReference', 
'xlsreport$mxxpath_mxobjectreference', 
'b7b8485c-6c4e-40ce-97d9-91feb6657148', 
'a005c319-d760-4673-bbb3-14e57e66ffb0', 
'xlsreport$mxxpathid', 
'mxmodelreflection$mxobjectreferenceid', 
'idx_xlsreport$mxxpath_mxobjectreference_mxmodelreflection$mxobjectreference_xlsreport$mxxpath');
INSERT INTO "mendixsystem$unique_constraint" ("name", 
"table_id", 
"column_id")
 VALUES ('uniq_xlsreport$mxxpath_mxobjectreference_xlsreport$mxxpathid', 
'5cd04993-beef-4312-a3c3-f61b38ec9663', 
'6c07bf1a-412e-3228-84bd-5a226077c0cf');
CREATE TABLE "xlsreport$childmxxpath_mxxpath" (
	"xlsreport$mxxpathid1" BIGINT NOT NULL,
	"xlsreport$mxxpathid2" BIGINT NOT NULL,
	PRIMARY KEY("xlsreport$mxxpathid1","xlsreport$mxxpathid2"),
	CONSTRAINT "uniq_xlsreport$childmxxpath_mxxpath_xlsreport$mxxpathid1" UNIQUE ("xlsreport$mxxpathid1"));
CREATE INDEX "idx_xlsreport$childmxxpath_mxxpath_xlsreport$mxxpath_xlsreport$mxxpath" ON "xlsreport$childmxxpath_mxxpath" ("xlsreport$mxxpathid2" ASC,"xlsreport$mxxpathid1" ASC);
INSERT INTO "mendixsystem$association" ("id", 
"association_name", 
"table_name", 
"parent_entity_id", 
"child_entity_id", 
"parent_column_name", 
"child_column_name", 
"index_name")
 VALUES ('7319115e-d55a-42d5-b0a8-3f6c96c30414', 
'XLSReport.ChildMxXPath_MxXPath', 
'xlsreport$childmxxpath_mxxpath', 
'b7b8485c-6c4e-40ce-97d9-91feb6657148', 
'b7b8485c-6c4e-40ce-97d9-91feb6657148', 
'xlsreport$mxxpathid1', 
'xlsreport$mxxpathid2', 
'idx_xlsreport$childmxxpath_mxxpath_xlsreport$mxxpath_xlsreport$mxxpath');
INSERT INTO "mendixsystem$unique_constraint" ("name", 
"table_id", 
"column_id")
 VALUES ('uniq_xlsreport$childmxxpath_mxxpath_xlsreport$mxxpathid1', 
'7319115e-d55a-42d5-b0a8-3f6c96c30414', 
'9f1e3f1c-7232-3acb-8619-f8aca6e32522');
CREATE TABLE "xlsreport$mxxpath_mxdata" (
	"xlsreport$mxxpathid" BIGINT NOT NULL,
	"xlsreport$mxdataid" BIGINT NOT NULL,
	PRIMARY KEY("xlsreport$mxxpathid","xlsreport$mxdataid"),
	CONSTRAINT "uniq_xlsreport$mxxpath_mxdata_xlsreport$mxdataid" UNIQUE ("xlsreport$mxdataid"),
	CONSTRAINT "uniq_xlsreport$mxxpath_mxdata_xlsreport$mxxpathid" UNIQUE ("xlsreport$mxxpathid"));
CREATE INDEX "idx_xlsreport$mxxpath_mxdata_xlsreport$mxdata_xlsreport$mxxpath" ON "xlsreport$mxxpath_mxdata" ("xlsreport$mxdataid" ASC,"xlsreport$mxxpathid" ASC);
INSERT INTO "mendixsystem$association" ("id", 
"association_name", 
"table_name", 
"parent_entity_id", 
"child_entity_id", 
"parent_column_name", 
"child_column_name", 
"index_name")
 VALUES ('e1f0b535-de82-4934-a389-36eb8f4c41c6', 
'XLSReport.MxXPath_MxData', 
'xlsreport$mxxpath_mxdata', 
'b7b8485c-6c4e-40ce-97d9-91feb6657148', 
'0407eec5-10d5-445a-83a0-461f5c800327', 
'xlsreport$mxxpathid', 
'xlsreport$mxdataid', 
'idx_xlsreport$mxxpath_mxdata_xlsreport$mxdata_xlsreport$mxxpath');
INSERT INTO "mendixsystem$unique_constraint" ("name", 
"table_id", 
"column_id")
 VALUES ('uniq_xlsreport$mxxpath_mxdata_xlsreport$mxdataid', 
'e1f0b535-de82-4934-a389-36eb8f4c41c6', 
'35b4c08b-b35c-3b07-8339-dcb91d0741be');
INSERT INTO "mendixsystem$unique_constraint" ("name", 
"table_id", 
"column_id")
 VALUES ('uniq_xlsreport$mxxpath_mxdata_xlsreport$mxxpathid', 
'e1f0b535-de82-4934-a389-36eb8f4c41c6', 
'2489353f-b024-3585-89b2-729d35882ef1');
CREATE TABLE "xlsreport$mxxpath_mxobjecttype" (
	"xlsreport$mxxpathid" BIGINT NOT NULL,
	"mxmodelreflection$mxobjecttypeid" BIGINT NOT NULL,
	PRIMARY KEY("xlsreport$mxxpathid","mxmodelreflection$mxobjecttypeid"),
	CONSTRAINT "uniq_xlsreport$mxxpath_mxobjecttype_xlsreport$mxxpathid" UNIQUE ("xlsreport$mxxpathid"));
CREATE INDEX "idx_xlsreport$mxxpath_mxobjecttype_mxmodelreflection$mxobjecttype_xlsreport$mxxpath" ON "xlsreport$mxxpath_mxobjecttype" ("mxmodelreflection$mxobjecttypeid" ASC,"xlsreport$mxxpathid" ASC);
INSERT INTO "mendixsystem$association" ("id", 
"association_name", 
"table_name", 
"parent_entity_id", 
"child_entity_id", 
"parent_column_name", 
"child_column_name", 
"index_name")
 VALUES ('6a5cb8f1-1744-4160-ba39-706ff42b11f9', 
'XLSReport.MxXPath_MxObjectType', 
'xlsreport$mxxpath_mxobjecttype', 
'b7b8485c-6c4e-40ce-97d9-91feb6657148', 
'31627a0d-5a4a-44bf-8975-425ea835654a', 
'xlsreport$mxxpathid', 
'mxmodelreflection$mxobjecttypeid', 
'idx_xlsreport$mxxpath_mxobjecttype_mxmodelreflection$mxobjecttype_xlsreport$mxxpath');
INSERT INTO "mendixsystem$unique_constraint" ("name", 
"table_id", 
"column_id")
 VALUES ('uniq_xlsreport$mxxpath_mxobjecttype_xlsreport$mxxpathid', 
'6a5cb8f1-1744-4160-ba39-706ff42b11f9', 
'c468be46-a81c-3f85-82f9-5bf044501def');
CREATE TABLE "xlsreport$mxcolumn" (
	"id" BIGINT NOT NULL,
	"columnnumber" INT NULL,
	"objectattribute" VARCHAR_IGNORECASE(200) NULL,
	"dataaggregate" BOOLEAN NULL,
	"dataaggregatefunction" VARCHAR_IGNORECASE(7) NULL,
	"resultaggregate" BOOLEAN NULL,
	"resultaggregatefunction" VARCHAR_IGNORECASE(7) NULL,
	PRIMARY KEY("id"));
INSERT INTO "mendixsystem$entity" ("id", 
"entity_name", 
"table_name", 
"superentity_id", 
"remote", 
"remote_primary_key")
 VALUES ('4562c188-0272-45ff-9ed4-a219928b6d7d', 
'XLSReport.MxColumn', 
'xlsreport$mxcolumn', 
'0407eec5-10d5-445a-83a0-461f5c800327', 
false, 
false);
INSERT INTO "mendixsystem$attribute" ("id", 
"entity_id", 
"attribute_name", 
"column_name", 
"type", 
"length", 
"default_value", 
"is_auto_number")
 VALUES ('22ee083c-8eef-405d-b4eb-73ee0f02c9b3', 
'4562c188-0272-45ff-9ed4-a219928b6d7d', 
'ColumnNumber', 
'columnnumber', 
3, 
0, 
'', 
false);
INSERT INTO "mendixsystem$attribute" ("id", 
"entity_id", 
"attribute_name", 
"column_name", 
"type", 
"length", 
"default_value", 
"is_auto_number")
 VALUES ('2ddd9007-708d-4a17-b6db-c9fba08d1b8f', 
'4562c188-0272-45ff-9ed4-a219928b6d7d', 
'ObjectAttribute', 
'objectattribute', 
30, 
200, 
'', 
false);
INSERT INTO "mendixsystem$attribute" ("id", 
"entity_id", 
"attribute_name", 
"column_name", 
"type", 
"length", 
"default_value", 
"is_auto_number")
 VALUES ('9d166ceb-b67b-4b88-adc0-854d73cafe25', 
'4562c188-0272-45ff-9ed4-a219928b6d7d', 
'DataAggregate', 
'dataaggregate', 
10, 
0, 
'false', 
false);
INSERT INTO "mendixsystem$attribute" ("id", 
"entity_id", 
"attribute_name", 
"column_name", 
"type", 
"length", 
"default_value", 
"is_auto_number")
 VALUES ('73daa6d1-0629-415c-9842-000394674bb5', 
'4562c188-0272-45ff-9ed4-a219928b6d7d', 
'DataAggregateFunction', 
'dataaggregatefunction', 
40, 
7, 
'', 
false);
INSERT INTO "mendixsystem$attribute" ("id", 
"entity_id", 
"attribute_name", 
"column_name", 
"type", 
"length", 
"default_value", 
"is_auto_number")
 VALUES ('8ef2237a-401c-450b-9648-7a37247fd806', 
'4562c188-0272-45ff-9ed4-a219928b6d7d', 
'ResultAggregate', 
'resultaggregate', 
10, 
0, 
'false', 
false);
INSERT INTO "mendixsystem$attribute" ("id", 
"entity_id", 
"attribute_name", 
"column_name", 
"type", 
"length", 
"default_value", 
"is_auto_number")
 VALUES ('10f4b5d3-2f73-4faa-990f-06e191b6b34c', 
'4562c188-0272-45ff-9ed4-a219928b6d7d', 
'ResultAggregateFunction', 
'resultaggregatefunction', 
40, 
7, 
'', 
false);
CREATE TABLE "xlsreport$mxsheet" (
	"id" BIGINT NOT NULL,
	"sequence" INT NULL,
	"name" VARCHAR_IGNORECASE(200) NULL,
	"datausage" BOOLEAN NULL,
	"status" VARCHAR_IGNORECASE(3) NULL,
	"distinctdata" BOOLEAN NULL,
	"startrow" INT NULL,
	"columnwidthdefault" BOOLEAN NULL,
	"columnwidthpixels" INT NULL,
	"rowheightdefault" BOOLEAN NULL,
	"rowheightpoint" INT NULL,
	"formlayout_groupby" BOOLEAN NULL,
	"createddate" TIMESTAMP NULL,
	"changeddate" TIMESTAMP NULL,
	"system$changedby" BIGINT NULL,
	"system$owner" BIGINT NULL,
	PRIMARY KEY("id"));
CREATE INDEX "idx_xlsreport$mxsheet_system$changedby" ON "xlsreport$mxsheet" ("system$changedby" ASC,"id" ASC);
CREATE INDEX "idx_xlsreport$mxsheet_system$owner" ON "xlsreport$mxsheet" ("system$owner" ASC,"id" ASC);
INSERT INTO "mendixsystem$entity" ("id", 
"entity_name", 
"table_name", 
"remote", 
"remote_primary_key")
 VALUES ('13db79cf-3ca1-4035-8224-673c3960831b', 
'XLSReport.MxSheet', 
'xlsreport$mxsheet', 
false, 
false);
INSERT INTO "mendixsystem$attribute" ("id", 
"entity_id", 
"attribute_name", 
"column_name", 
"type", 
"length", 
"default_value", 
"is_auto_number")
 VALUES ('bdd01108-6fcb-44e3-b985-cc168f02c9ce', 
'13db79cf-3ca1-4035-8224-673c3960831b', 
'Sequence', 
'sequence', 
3, 
0, 
'1', 
false);
INSERT INTO "mendixsystem$attribute" ("id", 
"entity_id", 
"attribute_name", 
"column_name", 
"type", 
"length", 
"default_value", 
"is_auto_number")
 VALUES ('e753c9fd-b384-4112-ab23-76e8e2ac4884', 
'13db79cf-3ca1-4035-8224-673c3960831b', 
'Name', 
'name', 
30, 
200, 
'', 
false);
INSERT INTO "mendixsystem$attribute" ("id", 
"entity_id", 
"attribute_name", 
"column_name", 
"type", 
"length", 
"default_value", 
"is_auto_number")
 VALUES ('bff71a33-ad85-45e4-b1ee-9b43661c44df', 
'13db79cf-3ca1-4035-8224-673c3960831b', 
'DataUsage', 
'datausage', 
10, 
0, 
'false', 
false);
INSERT INTO "mendixsystem$attribute" ("id", 
"entity_id", 
"attribute_name", 
"column_name", 
"type", 
"length", 
"default_value", 
"is_auto_number")
 VALUES ('56403646-aaaa-46cb-a566-5e879e47af98', 
'13db79cf-3ca1-4035-8224-673c3960831b', 
'Status', 
'status', 
40, 
3, 
'No', 
false);
INSERT INTO "mendixsystem$attribute" ("id", 
"entity_id", 
"attribute_name", 
"column_name", 
"type", 
"length", 
"default_value", 
"is_auto_number")
 VALUES ('ec92c138-0343-4e7b-ab0d-79ea11ecf106', 
'13db79cf-3ca1-4035-8224-673c3960831b', 
'DistinctData', 
'distinctdata', 
10, 
0, 
'false', 
false);
INSERT INTO "mendixsystem$attribute" ("id", 
"entity_id", 
"attribute_name", 
"column_name", 
"type", 
"length", 
"default_value", 
"is_auto_number")
 VALUES ('56e07fce-5063-457b-9df3-751c209074c3', 
'13db79cf-3ca1-4035-8224-673c3960831b', 
'StartRow', 
'startrow', 
3, 
0, 
'1', 
false);
INSERT INTO "mendixsystem$attribute" ("id", 
"entity_id", 
"attribute_name", 
"column_name", 
"type", 
"length", 
"default_value", 
"is_auto_number")
 VALUES ('153fa129-02c6-4851-b609-37282b1b8e8f', 
'13db79cf-3ca1-4035-8224-673c3960831b', 
'ColumnWidthDefault', 
'columnwidthdefault', 
10, 
0, 
'true', 
false);
INSERT INTO "mendixsystem$attribute" ("id", 
"entity_id", 
"attribute_name", 
"column_name", 
"type", 
"length", 
"default_value", 
"is_auto_number")
 VALUES ('ac1ced2d-1061-4e58-b5e2-746db4646617', 
'13db79cf-3ca1-4035-8224-673c3960831b', 
'ColumnWidthPixels', 
'columnwidthpixels', 
3, 
0, 
'0', 
false);
INSERT INTO "mendixsystem$attribute" ("id", 
"entity_id", 
"attribute_name", 
"column_name", 
"type", 
"length", 
"default_value", 
"is_auto_number")
 VALUES ('9963229a-fcd4-4997-bb38-b6e063be5d31', 
'13db79cf-3ca1-4035-8224-673c3960831b', 
'RowHeightDefault', 
'rowheightdefault', 
10, 
0, 
'true', 
false);
INSERT INTO "mendixsystem$attribute" ("id", 
"entity_id", 
"attribute_name", 
"column_name", 
"type", 
"length", 
"default_value", 
"is_auto_number")
 VALUES ('9b37ff5d-5baa-4353-8a91-7868214f0711', 
'13db79cf-3ca1-4035-8224-673c3960831b', 
'RowHeightPoint', 
'rowheightpoint', 
3, 
0, 
'0', 
false);
INSERT INTO "mendixsystem$attribute" ("id", 
"entity_id", 
"attribute_name", 
"column_name", 
"type", 
"length", 
"default_value", 
"is_auto_number")
 VALUES ('8e333c57-27c7-4874-8756-d8f57944dd65', 
'13db79cf-3ca1-4035-8224-673c3960831b', 
'FormLayout_GroupBy', 
'formlayout_groupby', 
10, 
0, 
'false', 
false);
INSERT INTO "mendixsystem$attribute" ("id", 
"entity_id", 
"attribute_name", 
"column_name", 
"type", 
"length", 
"default_value", 
"is_auto_number")
 VALUES ('99ecfc2c-22b9-31fa-afe5-853224af06b5', 
'13db79cf-3ca1-4035-8224-673c3960831b', 
'createdDate', 
'createddate', 
20, 
0, 
'', 
false);
INSERT INTO "mendixsystem$attribute" ("id", 
"entity_id", 
"attribute_name", 
"column_name", 
"type", 
"length", 
"default_value", 
"is_auto_number")
 VALUES ('73eba29c-c4df-3d28-890a-2adff25fcbab', 
'13db79cf-3ca1-4035-8224-673c3960831b', 
'changedDate', 
'changeddate', 
20, 
0, 
'', 
false);
INSERT INTO "mendixsystem$index" ("id", 
"table_id", 
"index_name")
 VALUES ('479dd9aa-9935-3ef3-a866-7f2c959e9628', 
'13db79cf-3ca1-4035-8224-673c3960831b', 
'idx_xlsreport$mxsheet_system$changedby');
INSERT INTO "mendixsystem$index_column" ("index_id", 
"column_id", 
"sort_order", 
"ordinal")
 VALUES ('479dd9aa-9935-3ef3-a866-7f2c959e9628', 
'066a4c27-2d45-3207-98ff-965cfad1b150', 
false, 
0);
INSERT INTO "mendixsystem$index" ("id", 
"table_id", 
"index_name")
 VALUES ('8999f96c-ba62-350b-8ffe-e0ec54185598', 
'13db79cf-3ca1-4035-8224-673c3960831b', 
'idx_xlsreport$mxsheet_system$owner');
INSERT INTO "mendixsystem$index_column" ("index_id", 
"column_id", 
"sort_order", 
"ordinal")
 VALUES ('8999f96c-ba62-350b-8ffe-e0ec54185598', 
'bbcb18ff-18bf-3323-994b-c055b7683054', 
false, 
0);
INSERT INTO "mendixsystem$association" ("id", 
"association_name", 
"table_name", 
"parent_entity_id", 
"child_entity_id", 
"parent_column_name", 
"child_column_name")
 VALUES ('066a4c27-2d45-3207-98ff-965cfad1b150', 
'System.changedBy', 
'system$changedby', 
'13db79cf-3ca1-4035-8224-673c3960831b', 
'282e2e60-88a5-469d-84a5-ba8d9151644f', 
'id', 
'system$changedby');
INSERT INTO "mendixsystem$association" ("id", 
"association_name", 
"table_name", 
"parent_entity_id", 
"child_entity_id", 
"parent_column_name", 
"child_column_name")
 VALUES ('bbcb18ff-18bf-3323-994b-c055b7683054', 
'System.owner', 
'system$owner', 
'13db79cf-3ca1-4035-8224-673c3960831b', 
'282e2e60-88a5-469d-84a5-ba8d9151644f', 
'id', 
'system$owner');
CREATE TABLE "xlsreport$mxsheet_rowobject" (
	"xlsreport$mxsheetid" BIGINT NOT NULL,
	"mxmodelreflection$mxobjecttypeid" BIGINT NOT NULL,
	PRIMARY KEY("xlsreport$mxsheetid","mxmodelreflection$mxobjecttypeid"),
	CONSTRAINT "uniq_xlsreport$mxsheet_rowobject_xlsreport$mxsheetid" UNIQUE ("xlsreport$mxsheetid"));
CREATE INDEX "idx_xlsreport$mxsheet_rowobject_mxmodelreflection$mxobjecttype_xlsreport$mxsheet" ON "xlsreport$mxsheet_rowobject" ("mxmodelreflection$mxobjecttypeid" ASC,"xlsreport$mxsheetid" ASC);
INSERT INTO "mendixsystem$association" ("id", 
"association_name", 
"table_name", 
"parent_entity_id", 
"child_entity_id", 
"parent_column_name", 
"child_column_name", 
"index_name")
 VALUES ('ef9c7acb-d78e-4eef-8429-0f3b0dae77ef', 
'XLSReport.MxSheet_RowObject', 
'xlsreport$mxsheet_rowobject', 
'13db79cf-3ca1-4035-8224-673c3960831b', 
'31627a0d-5a4a-44bf-8975-425ea835654a', 
'xlsreport$mxsheetid', 
'mxmodelreflection$mxobjecttypeid', 
'idx_xlsreport$mxsheet_rowobject_mxmodelreflection$mxobjecttype_xlsreport$mxsheet');
INSERT INTO "mendixsystem$unique_constraint" ("name", 
"table_id", 
"column_id")
 VALUES ('uniq_xlsreport$mxsheet_rowobject_xlsreport$mxsheetid', 
'ef9c7acb-d78e-4eef-8429-0f3b0dae77ef', 
'ad85cae1-81a2-39e8-bf26-4ed7a430c881');
CREATE TABLE "xlsreport$mxsheet_mxobjectreference" (
	"xlsreport$mxsheetid" BIGINT NOT NULL,
	"mxmodelreflection$mxobjectreferenceid" BIGINT NOT NULL,
	PRIMARY KEY("xlsreport$mxsheetid","mxmodelreflection$mxobjectreferenceid"),
	CONSTRAINT "uniq_xlsreport$mxsheet_mxobjectreference_xlsreport$mxsheetid" UNIQUE ("xlsreport$mxsheetid"));
CREATE INDEX "idx_xlsreport$mxsheet_mxobjectreference_mxmodelreflection$mxobjectreference_xlsreport$mxsheet" ON "xlsreport$mxsheet_mxobjectreference" ("mxmodelreflection$mxobjectreferenceid" ASC,"xlsreport$mxsheetid" ASC);
INSERT INTO "mendixsystem$association" ("id", 
"association_name", 
"table_name", 
"parent_entity_id", 
"child_entity_id", 
"parent_column_name", 
"child_column_name", 
"index_name")
 VALUES ('07b6db9d-0301-4c84-be9d-bb21b7cfea79', 
'XLSReport.MxSheet_MxObjectReference', 
'xlsreport$mxsheet_mxobjectreference', 
'13db79cf-3ca1-4035-8224-673c3960831b', 
'a005c319-d760-4673-bbb3-14e57e66ffb0', 
'xlsreport$mxsheetid', 
'mxmodelreflection$mxobjectreferenceid', 
'idx_xlsreport$mxsheet_mxobjectreference_mxmodelreflection$mxobjectreference_xlsreport$mxsheet');
INSERT INTO "mendixsystem$unique_constraint" ("name", 
"table_id", 
"column_id")
 VALUES ('uniq_xlsreport$mxsheet_mxobjectreference_xlsreport$mxsheetid', 
'07b6db9d-0301-4c84-be9d-bb21b7cfea79', 
'60ddc60e-c30e-33c7-8ce8-2c068b43304c');
CREATE TABLE "xlsreport$mxsheet_headerstyle" (
	"xlsreport$mxsheetid" BIGINT NOT NULL,
	"xlsreport$mxcellstyleid" BIGINT NOT NULL,
	PRIMARY KEY("xlsreport$mxsheetid","xlsreport$mxcellstyleid"),
	CONSTRAINT "uniq_xlsreport$mxsheet_headerstyle_xlsreport$mxsheetid" UNIQUE ("xlsreport$mxsheetid"));
CREATE INDEX "idx_xlsreport$mxsheet_headerstyle_xlsreport$mxcellstyle_xlsreport$mxsheet" ON "xlsreport$mxsheet_headerstyle" ("xlsreport$mxcellstyleid" ASC,"xlsreport$mxsheetid" ASC);
INSERT INTO "mendixsystem$association" ("id", 
"association_name", 
"table_name", 
"parent_entity_id", 
"child_entity_id", 
"parent_column_name", 
"child_column_name", 
"index_name")
 VALUES ('99df70d0-6e96-4a22-a97c-beacd74f277a', 
'XLSReport.MxSheet_HeaderStyle', 
'xlsreport$mxsheet_headerstyle', 
'13db79cf-3ca1-4035-8224-673c3960831b', 
'b85fd75c-3f20-411d-a6c1-2ddacebd34f4', 
'xlsreport$mxsheetid', 
'xlsreport$mxcellstyleid', 
'idx_xlsreport$mxsheet_headerstyle_xlsreport$mxcellstyle_xlsreport$mxsheet');
INSERT INTO "mendixsystem$unique_constraint" ("name", 
"table_id", 
"column_id")
 VALUES ('uniq_xlsreport$mxsheet_headerstyle_xlsreport$mxsheetid', 
'99df70d0-6e96-4a22-a97c-beacd74f277a', 
'76fc6dae-d852-3bef-a3e0-bd52ac7bdda0');
CREATE TABLE "xlsreport$mxsheet_template" (
	"xlsreport$mxsheetid" BIGINT NOT NULL,
	"xlsreport$mxtemplateid" BIGINT NOT NULL,
	PRIMARY KEY("xlsreport$mxsheetid","xlsreport$mxtemplateid"),
	CONSTRAINT "uniq_xlsreport$mxsheet_template_xlsreport$mxsheetid" UNIQUE ("xlsreport$mxsheetid"));
CREATE INDEX "idx_xlsreport$mxsheet_template_xlsreport$mxtemplate_xlsreport$mxsheet" ON "xlsreport$mxsheet_template" ("xlsreport$mxtemplateid" ASC,"xlsreport$mxsheetid" ASC);
INSERT INTO "mendixsystem$association" ("id", 
"association_name", 
"table_name", 
"parent_entity_id", 
"child_entity_id", 
"parent_column_name", 
"child_column_name", 
"index_name")
 VALUES ('095354bf-9b17-4714-abd7-581c893900d1', 
'XLSReport.MxSheet_Template', 
'xlsreport$mxsheet_template', 
'13db79cf-3ca1-4035-8224-673c3960831b', 
'704d61f2-54e6-4f5b-9d67-37e4b2057c6d', 
'xlsreport$mxsheetid', 
'xlsreport$mxtemplateid', 
'idx_xlsreport$mxsheet_template_xlsreport$mxtemplate_xlsreport$mxsheet');
INSERT INTO "mendixsystem$unique_constraint" ("name", 
"table_id", 
"column_id")
 VALUES ('uniq_xlsreport$mxsheet_template_xlsreport$mxsheetid', 
'095354bf-9b17-4714-abd7-581c893900d1', 
'135becc2-e704-30bf-a1fe-ede89658539a');
CREATE TABLE "xlsreport$mxsheet_defaultstyle" (
	"xlsreport$mxsheetid" BIGINT NOT NULL,
	"xlsreport$mxcellstyleid" BIGINT NOT NULL,
	PRIMARY KEY("xlsreport$mxsheetid","xlsreport$mxcellstyleid"),
	CONSTRAINT "uniq_xlsreport$mxsheet_defaultstyle_xlsreport$mxsheetid" UNIQUE ("xlsreport$mxsheetid"));
CREATE INDEX "idx_xlsreport$mxsheet_defaultstyle_xlsreport$mxcellstyle_xlsreport$mxsheet" ON "xlsreport$mxsheet_defaultstyle" ("xlsreport$mxcellstyleid" ASC,"xlsreport$mxsheetid" ASC);
INSERT INTO "mendixsystem$association" ("id", 
"association_name", 
"table_name", 
"parent_entity_id", 
"child_entity_id", 
"parent_column_name", 
"child_column_name", 
"index_name")
 VALUES ('2e437a64-36ef-4ee3-b9e1-0277a5703bc7', 
'XLSReport.MxSheet_DefaultStyle', 
'xlsreport$mxsheet_defaultstyle', 
'13db79cf-3ca1-4035-8224-673c3960831b', 
'b85fd75c-3f20-411d-a6c1-2ddacebd34f4', 
'xlsreport$mxsheetid', 
'xlsreport$mxcellstyleid', 
'idx_xlsreport$mxsheet_defaultstyle_xlsreport$mxcellstyle_xlsreport$mxsheet');
INSERT INTO "mendixsystem$unique_constraint" ("name", 
"table_id", 
"column_id")
 VALUES ('uniq_xlsreport$mxsheet_defaultstyle_xlsreport$mxsheetid', 
'2e437a64-36ef-4ee3-b9e1-0277a5703bc7', 
'4f868b92-923b-3323-bcce-9e7a7c6333df');
CREATE TABLE "xlsreport$mxcolumnsettings" (
	"id" BIGINT NOT NULL,
	"columnindex" INT NULL,
	"autosize" BOOLEAN NULL,
	"columnwidth" INT NULL,
	"createddate" TIMESTAMP NULL,
	"changeddate" TIMESTAMP NULL,
	"system$owner" BIGINT NULL,
	"system$changedby" BIGINT NULL,
	PRIMARY KEY("id"));
CREATE INDEX "idx_xlsreport$mxcolumnsettings_system$owner" ON "xlsreport$mxcolumnsettings" ("system$owner" ASC,"id" ASC);
CREATE INDEX "idx_xlsreport$mxcolumnsettings_system$changedby" ON "xlsreport$mxcolumnsettings" ("system$changedby" ASC,"id" ASC);
INSERT INTO "mendixsystem$entity" ("id", 
"entity_name", 
"table_name", 
"remote", 
"remote_primary_key")
 VALUES ('d5af36db-302c-4d92-a485-ec144ed616f0', 
'XLSReport.MxColumnSettings', 
'xlsreport$mxcolumnsettings', 
false, 
false);
INSERT INTO "mendixsystem$attribute" ("id", 
"entity_id", 
"attribute_name", 
"column_name", 
"type", 
"length", 
"default_value", 
"is_auto_number")
 VALUES ('10acabc1-edfd-47ec-84d5-f5cf210e9571', 
'd5af36db-302c-4d92-a485-ec144ed616f0', 
'ColumnIndex', 
'columnindex', 
3, 
0, 
'0', 
false);
INSERT INTO "mendixsystem$attribute" ("id", 
"entity_id", 
"attribute_name", 
"column_name", 
"type", 
"length", 
"default_value", 
"is_auto_number")
 VALUES ('c2f00e80-7964-4899-b3b6-5dcb3682be24', 
'd5af36db-302c-4d92-a485-ec144ed616f0', 
'AutoSize', 
'autosize', 
10, 
0, 
'false', 
false);
INSERT INTO "mendixsystem$attribute" ("id", 
"entity_id", 
"attribute_name", 
"column_name", 
"type", 
"length", 
"default_value", 
"is_auto_number")
 VALUES ('5c2e15e2-c8cb-4e7b-9260-53bf528d0c72', 
'd5af36db-302c-4d92-a485-ec144ed616f0', 
'ColumnWidth', 
'columnwidth', 
3, 
0, 
'0', 
false);
INSERT INTO "mendixsystem$attribute" ("id", 
"entity_id", 
"attribute_name", 
"column_name", 
"type", 
"length", 
"default_value", 
"is_auto_number")
 VALUES ('59d39700-e927-309d-95ee-43d4d07ec5af', 
'd5af36db-302c-4d92-a485-ec144ed616f0', 
'createdDate', 
'createddate', 
20, 
0, 
'', 
false);
INSERT INTO "mendixsystem$attribute" ("id", 
"entity_id", 
"attribute_name", 
"column_name", 
"type", 
"length", 
"default_value", 
"is_auto_number")
 VALUES ('327a2060-b3cd-36b8-a7a2-dfe0f8dc8f79', 
'd5af36db-302c-4d92-a485-ec144ed616f0', 
'changedDate', 
'changeddate', 
20, 
0, 
'', 
false);
INSERT INTO "mendixsystem$index" ("id", 
"table_id", 
"index_name")
 VALUES ('2035b749-8dc0-3b9d-9c06-11a1e8ac64bf', 
'd5af36db-302c-4d92-a485-ec144ed616f0', 
'idx_xlsreport$mxcolumnsettings_system$owner');
INSERT INTO "mendixsystem$index_column" ("index_id", 
"column_id", 
"sort_order", 
"ordinal")
 VALUES ('2035b749-8dc0-3b9d-9c06-11a1e8ac64bf', 
'd4b7d7a9-0cf7-38fc-a85f-8ac8e0b4f5b5', 
false, 
0);
INSERT INTO "mendixsystem$index" ("id", 
"table_id", 
"index_name")
 VALUES ('d16d89ef-a852-3c67-8571-13c1e8f50dfe', 
'd5af36db-302c-4d92-a485-ec144ed616f0', 
'idx_xlsreport$mxcolumnsettings_system$changedby');
INSERT INTO "mendixsystem$index_column" ("index_id", 
"column_id", 
"sort_order", 
"ordinal")
 VALUES ('d16d89ef-a852-3c67-8571-13c1e8f50dfe', 
'99dc9886-1af5-31f9-9acb-cfe2293393cd', 
false, 
0);
INSERT INTO "mendixsystem$association" ("id", 
"association_name", 
"table_name", 
"parent_entity_id", 
"child_entity_id", 
"parent_column_name", 
"child_column_name")
 VALUES ('d4b7d7a9-0cf7-38fc-a85f-8ac8e0b4f5b5', 
'System.owner', 
'system$owner', 
'd5af36db-302c-4d92-a485-ec144ed616f0', 
'282e2e60-88a5-469d-84a5-ba8d9151644f', 
'id', 
'system$owner');
INSERT INTO "mendixsystem$association" ("id", 
"association_name", 
"table_name", 
"parent_entity_id", 
"child_entity_id", 
"parent_column_name", 
"child_column_name")
 VALUES ('99dc9886-1af5-31f9-9acb-cfe2293393cd', 
'System.changedBy', 
'system$changedby', 
'd5af36db-302c-4d92-a485-ec144ed616f0', 
'282e2e60-88a5-469d-84a5-ba8d9151644f', 
'id', 
'system$changedby');
CREATE TABLE "xlsreport$columnsettings_mxsheet" (
	"xlsreport$mxcolumnsettingsid" BIGINT NOT NULL,
	"xlsreport$mxsheetid" BIGINT NOT NULL,
	PRIMARY KEY("xlsreport$mxcolumnsettingsid","xlsreport$mxsheetid"),
	CONSTRAINT "uniq_xlsreport$columnsettings_mxsheet_xlsreport$mxcolumnsettingsid" UNIQUE ("xlsreport$mxcolumnsettingsid"));
CREATE INDEX "idx_xlsreport$columnsettings_mxsheet_xlsreport$mxsheet_xlsreport$mxcolumnsettings" ON "xlsreport$columnsettings_mxsheet" ("xlsreport$mxsheetid" ASC,"xlsreport$mxcolumnsettingsid" ASC);
INSERT INTO "mendixsystem$association" ("id", 
"association_name", 
"table_name", 
"parent_entity_id", 
"child_entity_id", 
"parent_column_name", 
"child_column_name", 
"index_name")
 VALUES ('4f461ad0-be24-408a-9dc7-e17e6a36ea26', 
'XLSReport.ColumnSettings_MxSheet', 
'xlsreport$columnsettings_mxsheet', 
'd5af36db-302c-4d92-a485-ec144ed616f0', 
'13db79cf-3ca1-4035-8224-673c3960831b', 
'xlsreport$mxcolumnsettingsid', 
'xlsreport$mxsheetid', 
'idx_xlsreport$columnsettings_mxsheet_xlsreport$mxsheet_xlsreport$mxcolumnsettings');
INSERT INTO "mendixsystem$unique_constraint" ("name", 
"table_id", 
"column_id")
 VALUES ('uniq_xlsreport$columnsettings_mxsheet_xlsreport$mxcolumnsettingsid', 
'4f461ad0-be24-408a-9dc7-e17e6a36ea26', 
'a576391d-2a83-3a1b-bd2d-e32f4e32931b');
CREATE TABLE "excelimporter$additionalproperties" (
	"id" BIGINT NOT NULL,
	"printstatisticsmessages" VARCHAR_IGNORECASE(19) NULL,
	"printnotfoundmessages_mainobject" BOOLEAN NULL,
	"ignoreemptykeys" BOOLEAN NULL,
	"commitunchangedobjects_mainobject" BOOLEAN NULL,
	"removeunsyncedobjects" VARCHAR_IGNORECASE(22) NULL,
	"resetemptyassociations" BOOLEAN NULL,
	"createddate" TIMESTAMP NULL,
	"changeddate" TIMESTAMP NULL,
	"system$owner" BIGINT NULL,
	"system$changedby" BIGINT NULL,
	PRIMARY KEY("id"));
CREATE INDEX "idx_excelimporter$additionalproperties_system$owner" ON "excelimporter$additionalproperties" ("system$owner" ASC,"id" ASC);
CREATE INDEX "idx_excelimporter$additionalproperties_system$changedby" ON "excelimporter$additionalproperties" ("system$changedby" ASC,"id" ASC);
INSERT INTO "mendixsystem$entity" ("id", 
"entity_name", 
"table_name", 
"remote", 
"remote_primary_key")
 VALUES ('d528deb2-7947-40a3-8e18-3e62abfb673a', 
'ExcelImporter.AdditionalProperties', 
'excelimporter$additionalproperties', 
false, 
false);
INSERT INTO "mendixsystem$attribute" ("id", 
"entity_id", 
"attribute_name", 
"column_name", 
"type", 
"length", 
"default_value", 
"is_auto_number")
 VALUES ('0582ec31-c5d7-47cd-86a2-409da98a0331', 
'd528deb2-7947-40a3-8e18-3e62abfb673a', 
'PrintStatisticsMessages', 
'printstatisticsmessages', 
40, 
19, 
'AllStatistics', 
false);
INSERT INTO "mendixsystem$attribute" ("id", 
"entity_id", 
"attribute_name", 
"column_name", 
"type", 
"length", 
"default_value", 
"is_auto_number")
 VALUES ('e187e3ac-29a3-4613-91ed-c45ff27c76bb', 
'd528deb2-7947-40a3-8e18-3e62abfb673a', 
'PrintNotFoundMessages_MainObject', 
'printnotfoundmessages_mainobject', 
10, 
0, 
'true', 
false);
INSERT INTO "mendixsystem$attribute" ("id", 
"entity_id", 
"attribute_name", 
"column_name", 
"type", 
"length", 
"default_value", 
"is_auto_number")
 VALUES ('6e077edc-aa29-4cb6-bb91-2fe92449905f', 
'd528deb2-7947-40a3-8e18-3e62abfb673a', 
'IgnoreEmptyKeys', 
'ignoreemptykeys', 
10, 
0, 
'true', 
false);
INSERT INTO "mendixsystem$attribute" ("id", 
"entity_id", 
"attribute_name", 
"column_name", 
"type", 
"length", 
"default_value", 
"is_auto_number")
 VALUES ('f7f16a3a-453f-4d4d-b7ce-2f659ca37688', 
'd528deb2-7947-40a3-8e18-3e62abfb673a', 
'CommitUnchangedObjects_MainObject', 
'commitunchangedobjects_mainobject', 
10, 
0, 
'true', 
false);
INSERT INTO "mendixsystem$attribute" ("id", 
"entity_id", 
"attribute_name", 
"column_name", 
"type", 
"length", 
"default_value", 
"is_auto_number")
 VALUES ('d2c2b03a-9bdc-42f7-8c4c-11b1a1d60967', 
'd528deb2-7947-40a3-8e18-3e62abfb673a', 
'RemoveUnsyncedObjects', 
'removeunsyncedobjects', 
40, 
22, 
'Nothing', 
false);
INSERT INTO "mendixsystem$attribute" ("id", 
"entity_id", 
"attribute_name", 
"column_name", 
"type", 
"length", 
"default_value", 
"is_auto_number")
 VALUES ('a0602e42-b8b7-4c67-9a8c-e352b37d927d', 
'd528deb2-7947-40a3-8e18-3e62abfb673a', 
'ResetEmptyAssociations', 
'resetemptyassociations', 
10, 
0, 
'false', 
false);
INSERT INTO "mendixsystem$attribute" ("id", 
"entity_id", 
"attribute_name", 
"column_name", 
"type", 
"length", 
"default_value", 
"is_auto_number")
 VALUES ('21de5255-7402-3cd7-bdad-fd8022c749c5', 
'd528deb2-7947-40a3-8e18-3e62abfb673a', 
'createdDate', 
'createddate', 
20, 
0, 
'', 
false);
INSERT INTO "mendixsystem$attribute" ("id", 
"entity_id", 
"attribute_name", 
"column_name", 
"type", 
"length", 
"default_value", 
"is_auto_number")
 VALUES ('6ef7dfea-1885-3d09-8f90-5e4438498cff', 
'd528deb2-7947-40a3-8e18-3e62abfb673a', 
'changedDate', 
'changeddate', 
20, 
0, 
'', 
false);
INSERT INTO "mendixsystem$index" ("id", 
"table_id", 
"index_name")
 VALUES ('d450b8c0-8695-3630-a493-2bd9934cd7ef', 
'd528deb2-7947-40a3-8e18-3e62abfb673a', 
'idx_excelimporter$additionalproperties_system$owner');
INSERT INTO "mendixsystem$index_column" ("index_id", 
"column_id", 
"sort_order", 
"ordinal")
 VALUES ('d450b8c0-8695-3630-a493-2bd9934cd7ef', 
'641ee697-e348-30b3-bd65-8aa9da7597bb', 
false, 
0);
INSERT INTO "mendixsystem$index" ("id", 
"table_id", 
"index_name")
 VALUES ('b187b82c-ef7e-3512-8c5f-eac8c2775cc4', 
'd528deb2-7947-40a3-8e18-3e62abfb673a', 
'idx_excelimporter$additionalproperties_system$changedby');
INSERT INTO "mendixsystem$index_column" ("index_id", 
"column_id", 
"sort_order", 
"ordinal")
 VALUES ('b187b82c-ef7e-3512-8c5f-eac8c2775cc4', 
'ba8268f3-8a3e-387b-a3f9-8f05ba98fe7b', 
false, 
0);
INSERT INTO "mendixsystem$association" ("id", 
"association_name", 
"table_name", 
"parent_entity_id", 
"child_entity_id", 
"parent_column_name", 
"child_column_name")
 VALUES ('641ee697-e348-30b3-bd65-8aa9da7597bb', 
'System.owner', 
'system$owner', 
'd528deb2-7947-40a3-8e18-3e62abfb673a', 
'282e2e60-88a5-469d-84a5-ba8d9151644f', 
'id', 
'system$owner');
INSERT INTO "mendixsystem$association" ("id", 
"association_name", 
"table_name", 
"parent_entity_id", 
"child_entity_id", 
"parent_column_name", 
"child_column_name")
 VALUES ('ba8268f3-8a3e-387b-a3f9-8f05ba98fe7b', 
'System.changedBy', 
'system$changedby', 
'd528deb2-7947-40a3-8e18-3e62abfb673a', 
'282e2e60-88a5-469d-84a5-ba8d9151644f', 
'id', 
'system$changedby');
CREATE TABLE "excelimporter$additionalproperties_mxobjectmember_removeindicator" (
	"excelimporter$additionalpropertiesid" BIGINT NOT NULL,
	"mxmodelreflection$mxobjectmemberid" BIGINT NOT NULL,
	PRIMARY KEY("excelimporter$additionalpropertiesid","mxmodelreflection$mxobjectmemberid"),
	CONSTRAINT "uniq_excelimporter$additionalproperties_mxobjectmember_removeindicator_excelimporter$additionalpropertiesid" UNIQUE ("excelimporter$additionalpropertiesid"));
CREATE INDEX "idx_excelimporter$additionalproperties_mxobjectmember_removeindicator" ON "excelimporter$additionalproperties_mxobjectmember_removeindicator" ("mxmodelreflection$mxobjectmemberid" ASC,"excelimporter$additionalpropertiesid" ASC);
INSERT INTO "mendixsystem$association" ("id", 
"association_name", 
"table_name", 
"parent_entity_id", 
"child_entity_id", 
"parent_column_name", 
"child_column_name", 
"index_name")
 VALUES ('cbc957e2-4276-46c3-8efd-d173df537742', 
'ExcelImporter.AdditionalProperties_MxObjectMember_RemoveIndicator', 
'excelimporter$additionalproperties_mxobjectmember_removeindicator', 
'd528deb2-7947-40a3-8e18-3e62abfb673a', 
'6a703889-0124-418c-9b2b-d770cbe1faf8', 
'excelimporter$additionalpropertiesid', 
'mxmodelreflection$mxobjectmemberid', 
'idx_excelimporter$additionalproperties_mxobjectmember_removeindicator');
INSERT INTO "mendixsystem$unique_constraint" ("name", 
"table_id", 
"column_id")
 VALUES ('uniq_excelimporter$additionalproperties_mxobjectmember_removeindicator_excelimporter$additionalpropertiesid', 
'cbc957e2-4276-46c3-8efd-d173df537742', 
'13e4a143-5770-3374-bda0-429ba3dcc0de');
CREATE TABLE "xlsreport$mxconstraint" (
	"id" BIGINT NOT NULL,
	"sequence" INT NULL,
	"summary" VARCHAR_IGNORECASE(200) NULL,
	"attribute" VARCHAR_IGNORECASE(200) NULL,
	"constraint" VARCHAR_IGNORECASE(12) NULL,
	"attributetype" VARCHAR_IGNORECASE(7) NULL,
	"constrainttext" VARCHAR_IGNORECASE(50) NULL,
	"constraintnumber" BIGINT NULL,
	"constraintdecimal" DECIMAL(28, 8) NULL,
	"constraintdatetime" VARCHAR_IGNORECASE(6) NULL,
	"constraintboolean" BOOLEAN NULL,
	"andor" VARCHAR_IGNORECASE(3) NULL,
	PRIMARY KEY("id"));
INSERT INTO "mendixsystem$entity" ("id", 
"entity_name", 
"table_name", 
"remote", 
"remote_primary_key")
 VALUES ('aa78b512-cc29-40f9-99e5-b1cf8c2d5ace', 
'XLSReport.MxConstraint', 
'xlsreport$mxconstraint', 
false, 
false);
INSERT INTO "mendixsystem$attribute" ("id", 
"entity_id", 
"attribute_name", 
"column_name", 
"type", 
"length", 
"default_value", 
"is_auto_number")
 VALUES ('f4a28d81-eab3-4136-8a35-50726c8b6dea', 
'aa78b512-cc29-40f9-99e5-b1cf8c2d5ace', 
'Sequence', 
'sequence', 
3, 
0, 
'0', 
false);
INSERT INTO "mendixsystem$attribute" ("id", 
"entity_id", 
"attribute_name", 
"column_name", 
"type", 
"length", 
"default_value", 
"is_auto_number")
 VALUES ('81ce0628-6b5d-4e26-b321-ebc32a6f7ba3', 
'aa78b512-cc29-40f9-99e5-b1cf8c2d5ace', 
'Summary', 
'summary', 
30, 
200, 
'', 
false);
INSERT INTO "mendixsystem$attribute" ("id", 
"entity_id", 
"attribute_name", 
"column_name", 
"type", 
"length", 
"default_value", 
"is_auto_number")
 VALUES ('a002a9af-cd40-43d3-96a3-ebe3bb537908', 
'aa78b512-cc29-40f9-99e5-b1cf8c2d5ace', 
'Attribute', 
'attribute', 
30, 
200, 
'', 
false);
INSERT INTO "mendixsystem$attribute" ("id", 
"entity_id", 
"attribute_name", 
"column_name", 
"type", 
"length", 
"default_value", 
"is_auto_number")
 VALUES ('3132af8a-7e22-4438-8b3a-c97dca160ac2', 
'aa78b512-cc29-40f9-99e5-b1cf8c2d5ace', 
'Constraint', 
'constraint', 
40, 
12, 
'', 
false);
INSERT INTO "mendixsystem$attribute" ("id", 
"entity_id", 
"attribute_name", 
"column_name", 
"type", 
"length", 
"default_value", 
"is_auto_number")
 VALUES ('f3ce3181-9e48-4e95-8cba-b7d79fb84983', 
'aa78b512-cc29-40f9-99e5-b1cf8c2d5ace', 
'AttributeType', 
'attributetype', 
40, 
7, 
'', 
false);
INSERT INTO "mendixsystem$attribute" ("id", 
"entity_id", 
"attribute_name", 
"column_name", 
"type", 
"length", 
"default_value", 
"is_auto_number")
 VALUES ('97fab802-bb9f-4380-9e36-708aa34b8f87', 
'aa78b512-cc29-40f9-99e5-b1cf8c2d5ace', 
'ConstraintText', 
'constrainttext', 
30, 
50, 
'', 
false);
INSERT INTO "mendixsystem$attribute" ("id", 
"entity_id", 
"attribute_name", 
"column_name", 
"type", 
"length", 
"default_value", 
"is_auto_number")
 VALUES ('b2958d62-9320-4ac2-a8a0-91b3e24ddd22', 
'aa78b512-cc29-40f9-99e5-b1cf8c2d5ace', 
'ConstraintNumber', 
'constraintnumber', 
4, 
0, 
'0', 
false);
INSERT INTO "mendixsystem$attribute" ("id", 
"entity_id", 
"attribute_name", 
"column_name", 
"type", 
"length", 
"default_value", 
"is_auto_number")
 VALUES ('1632f1b6-3660-4c26-8fe4-5aebfaaa8c45', 
'aa78b512-cc29-40f9-99e5-b1cf8c2d5ace', 
'ConstraintDecimal', 
'constraintdecimal', 
5, 
0, 
'0', 
false);
INSERT INTO "mendixsystem$attribute" ("id", 
"entity_id", 
"attribute_name", 
"column_name", 
"type", 
"length", 
"default_value", 
"is_auto_number")
 VALUES ('0c6e6f0a-d4b6-49f6-aba6-78dddf607e78', 
'aa78b512-cc29-40f9-99e5-b1cf8c2d5ace', 
'ConstraintDateTime', 
'constraintdatetime', 
40, 
6, 
'', 
false);
INSERT INTO "mendixsystem$attribute" ("id", 
"entity_id", 
"attribute_name", 
"column_name", 
"type", 
"length", 
"default_value", 
"is_auto_number")
 VALUES ('b9425759-5918-4f1f-8c28-0a461fd989f9', 
'aa78b512-cc29-40f9-99e5-b1cf8c2d5ace', 
'ConstraintBoolean', 
'constraintboolean', 
10, 
0, 
'false', 
false);
INSERT INTO "mendixsystem$attribute" ("id", 
"entity_id", 
"attribute_name", 
"column_name", 
"type", 
"length", 
"default_value", 
"is_auto_number")
 VALUES ('095c19f3-3670-4803-a39c-30bf3ce899d0', 
'aa78b512-cc29-40f9-99e5-b1cf8c2d5ace', 
'AndOr', 
'andor', 
40, 
3, 
'AND', 
false);
CREATE TABLE "xlsreport$mxconstraint_mxxpath" (
	"xlsreport$mxconstraintid" BIGINT NOT NULL,
	"xlsreport$mxxpathid" BIGINT NOT NULL,
	PRIMARY KEY("xlsreport$mxconstraintid","xlsreport$mxxpathid"),
	CONSTRAINT "uniq_xlsreport$mxconstraint_mxxpath_xlsreport$mxxpathid" UNIQUE ("xlsreport$mxxpathid"),
	CONSTRAINT "uniq_xlsreport$mxconstraint_mxxpath_xlsreport$mxconstraintid" UNIQUE ("xlsreport$mxconstraintid"));
CREATE INDEX "idx_xlsreport$mxconstraint_mxxpath_xlsreport$mxxpath_xlsreport$mxconstraint" ON "xlsreport$mxconstraint_mxxpath" ("xlsreport$mxxpathid" ASC,"xlsreport$mxconstraintid" ASC);
INSERT INTO "mendixsystem$association" ("id", 
"association_name", 
"table_name", 
"parent_entity_id", 
"child_entity_id", 
"parent_column_name", 
"child_column_name", 
"index_name")
 VALUES ('acd81b64-a588-491f-90e1-03e14efcc1cd', 
'XLSReport.MxConstraint_MxXPath', 
'xlsreport$mxconstraint_mxxpath', 
'aa78b512-cc29-40f9-99e5-b1cf8c2d5ace', 
'b7b8485c-6c4e-40ce-97d9-91feb6657148', 
'xlsreport$mxconstraintid', 
'xlsreport$mxxpathid', 
'idx_xlsreport$mxconstraint_mxxpath_xlsreport$mxxpath_xlsreport$mxconstraint');
INSERT INTO "mendixsystem$unique_constraint" ("name", 
"table_id", 
"column_id")
 VALUES ('uniq_xlsreport$mxconstraint_mxxpath_xlsreport$mxxpathid', 
'acd81b64-a588-491f-90e1-03e14efcc1cd', 
'fdc89516-1fbc-3a0b-ad2a-f83103f3fe02');
INSERT INTO "mendixsystem$unique_constraint" ("name", 
"table_id", 
"column_id")
 VALUES ('uniq_xlsreport$mxconstraint_mxxpath_xlsreport$mxconstraintid', 
'acd81b64-a588-491f-90e1-03e14efcc1cd', 
'68ac1f49-e381-3b2f-958e-f25087f70006');
CREATE TABLE "xlsreport$mxconstraint_mxsheet" (
	"xlsreport$mxconstraintid" BIGINT NOT NULL,
	"xlsreport$mxsheetid" BIGINT NOT NULL,
	PRIMARY KEY("xlsreport$mxconstraintid","xlsreport$mxsheetid"),
	CONSTRAINT "uniq_xlsreport$mxconstraint_mxsheet_xlsreport$mxconstraintid" UNIQUE ("xlsreport$mxconstraintid"));
CREATE INDEX "idx_xlsreport$mxconstraint_mxsheet_xlsreport$mxsheet_xlsreport$mxconstraint" ON "xlsreport$mxconstraint_mxsheet" ("xlsreport$mxsheetid" ASC,"xlsreport$mxconstraintid" ASC);
INSERT INTO "mendixsystem$association" ("id", 
"association_name", 
"table_name", 
"parent_entity_id", 
"child_entity_id", 
"parent_column_name", 
"child_column_name", 
"index_name")
 VALUES ('0b757d90-b698-4553-8e60-83e0cfdd44f1', 
'XLSReport.MxConstraint_MxSheet', 
'xlsreport$mxconstraint_mxsheet', 
'aa78b512-cc29-40f9-99e5-b1cf8c2d5ace', 
'13db79cf-3ca1-4035-8224-673c3960831b', 
'xlsreport$mxconstraintid', 
'xlsreport$mxsheetid', 
'idx_xlsreport$mxconstraint_mxsheet_xlsreport$mxsheet_xlsreport$mxconstraint');
INSERT INTO "mendixsystem$unique_constraint" ("name", 
"table_id", 
"column_id")
 VALUES ('uniq_xlsreport$mxconstraint_mxsheet_xlsreport$mxconstraintid', 
'0b757d90-b698-4553-8e60-83e0cfdd44f1', 
'644e54e1-728b-3662-94ad-fe0821d9597e');
CREATE TABLE "xlsreport$mxsorting" (
	"id" BIGINT NOT NULL,
	"sequence" INT NULL,
	"summary" VARCHAR_IGNORECASE(200) NULL,
	"attribute" VARCHAR_IGNORECASE(200) NULL,
	"sortingdirection" VARCHAR_IGNORECASE(4) NULL,
	"createddate" TIMESTAMP NULL,
	"changeddate" TIMESTAMP NULL,
	"system$owner" BIGINT NULL,
	"system$changedby" BIGINT NULL,
	PRIMARY KEY("id"));
CREATE INDEX "idx_xlsreport$mxsorting_system$owner" ON "xlsreport$mxsorting" ("system$owner" ASC,"id" ASC);
CREATE INDEX "idx_xlsreport$mxsorting_system$changedby" ON "xlsreport$mxsorting" ("system$changedby" ASC,"id" ASC);
INSERT INTO "mendixsystem$entity" ("id", 
"entity_name", 
"table_name", 
"remote", 
"remote_primary_key")
 VALUES ('bae1ad80-27f9-4b5a-8f84-430f456daaee', 
'XLSReport.MxSorting', 
'xlsreport$mxsorting', 
false, 
false);
INSERT INTO "mendixsystem$attribute" ("id", 
"entity_id", 
"attribute_name", 
"column_name", 
"type", 
"length", 
"default_value", 
"is_auto_number")
 VALUES ('e67561a6-782b-4e2a-b985-6e9319253d21', 
'bae1ad80-27f9-4b5a-8f84-430f456daaee', 
'Sequence', 
'sequence', 
3, 
0, 
'0', 
false);
INSERT INTO "mendixsystem$attribute" ("id", 
"entity_id", 
"attribute_name", 
"column_name", 
"type", 
"length", 
"default_value", 
"is_auto_number")
 VALUES ('97c52bd1-afdc-4120-adf0-18cc31148f14', 
'bae1ad80-27f9-4b5a-8f84-430f456daaee', 
'Summary', 
'summary', 
30, 
200, 
'', 
false);
INSERT INTO "mendixsystem$attribute" ("id", 
"entity_id", 
"attribute_name", 
"column_name", 
"type", 
"length", 
"default_value", 
"is_auto_number")
 VALUES ('cb74be3f-1568-4287-9ae9-663a6a2adfe0', 
'bae1ad80-27f9-4b5a-8f84-430f456daaee', 
'Attribute', 
'attribute', 
30, 
200, 
'', 
false);
INSERT INTO "mendixsystem$attribute" ("id", 
"entity_id", 
"attribute_name", 
"column_name", 
"type", 
"length", 
"default_value", 
"is_auto_number")
 VALUES ('37d47b71-820e-4dd5-a29a-9da27e81e46b', 
'bae1ad80-27f9-4b5a-8f84-430f456daaee', 
'SortingDirection', 
'sortingdirection', 
40, 
4, 
'Asc', 
false);
INSERT INTO "mendixsystem$attribute" ("id", 
"entity_id", 
"attribute_name", 
"column_name", 
"type", 
"length", 
"default_value", 
"is_auto_number")
 VALUES ('5395f942-369f-33f9-929d-4928a5cfbaf4', 
'bae1ad80-27f9-4b5a-8f84-430f456daaee', 
'createdDate', 
'createddate', 
20, 
0, 
'', 
false);
INSERT INTO "mendixsystem$attribute" ("id", 
"entity_id", 
"attribute_name", 
"column_name", 
"type", 
"length", 
"default_value", 
"is_auto_number")
 VALUES ('9eac0b7f-48c8-3f9b-bbce-6630da61400a', 
'bae1ad80-27f9-4b5a-8f84-430f456daaee', 
'changedDate', 
'changeddate', 
20, 
0, 
'', 
false);
INSERT INTO "mendixsystem$index" ("id", 
"table_id", 
"index_name")
 VALUES ('8d76f7f1-6b1b-358a-8189-41544c97edf6', 
'bae1ad80-27f9-4b5a-8f84-430f456daaee', 
'idx_xlsreport$mxsorting_system$owner');
INSERT INTO "mendixsystem$index_column" ("index_id", 
"column_id", 
"sort_order", 
"ordinal")
 VALUES ('8d76f7f1-6b1b-358a-8189-41544c97edf6', 
'74aa607a-4270-3b37-b5b7-1c292dc5d32d', 
false, 
0);
INSERT INTO "mendixsystem$index" ("id", 
"table_id", 
"index_name")
 VALUES ('e1c1fa16-6330-3ef9-86cd-c9b01cfbe1ef', 
'bae1ad80-27f9-4b5a-8f84-430f456daaee', 
'idx_xlsreport$mxsorting_system$changedby');
INSERT INTO "mendixsystem$index_column" ("index_id", 
"column_id", 
"sort_order", 
"ordinal")
 VALUES ('e1c1fa16-6330-3ef9-86cd-c9b01cfbe1ef', 
'43dfb077-6d6b-3ac4-9e28-10425e80105d', 
false, 
0);
INSERT INTO "mendixsystem$association" ("id", 
"association_name", 
"table_name", 
"parent_entity_id", 
"child_entity_id", 
"parent_column_name", 
"child_column_name")
 VALUES ('74aa607a-4270-3b37-b5b7-1c292dc5d32d', 
'System.owner', 
'system$owner', 
'bae1ad80-27f9-4b5a-8f84-430f456daaee', 
'282e2e60-88a5-469d-84a5-ba8d9151644f', 
'id', 
'system$owner');
INSERT INTO "mendixsystem$association" ("id", 
"association_name", 
"table_name", 
"parent_entity_id", 
"child_entity_id", 
"parent_column_name", 
"child_column_name")
 VALUES ('43dfb077-6d6b-3ac4-9e28-10425e80105d', 
'System.changedBy', 
'system$changedby', 
'bae1ad80-27f9-4b5a-8f84-430f456daaee', 
'282e2e60-88a5-469d-84a5-ba8d9151644f', 
'id', 
'system$changedby');
CREATE TABLE "xlsreport$mxsorting_mxxpath" (
	"xlsreport$mxsortingid" BIGINT NOT NULL,
	"xlsreport$mxxpathid" BIGINT NOT NULL,
	PRIMARY KEY("xlsreport$mxsortingid","xlsreport$mxxpathid"),
	CONSTRAINT "uniq_xlsreport$mxsorting_mxxpath_xlsreport$mxxpathid" UNIQUE ("xlsreport$mxxpathid"),
	CONSTRAINT "uniq_xlsreport$mxsorting_mxxpath_xlsreport$mxsortingid" UNIQUE ("xlsreport$mxsortingid"));
CREATE INDEX "idx_xlsreport$mxsorting_mxxpath_xlsreport$mxxpath_xlsreport$mxsorting" ON "xlsreport$mxsorting_mxxpath" ("xlsreport$mxxpathid" ASC,"xlsreport$mxsortingid" ASC);
INSERT INTO "mendixsystem$association" ("id", 
"association_name", 
"table_name", 
"parent_entity_id", 
"child_entity_id", 
"parent_column_name", 
"child_column_name", 
"index_name")
 VALUES ('d83a23a9-2096-4174-9834-6f3dfd2a918a', 
'XLSReport.MxSorting_MxXPath', 
'xlsreport$mxsorting_mxxpath', 
'bae1ad80-27f9-4b5a-8f84-430f456daaee', 
'b7b8485c-6c4e-40ce-97d9-91feb6657148', 
'xlsreport$mxsortingid', 
'xlsreport$mxxpathid', 
'idx_xlsreport$mxsorting_mxxpath_xlsreport$mxxpath_xlsreport$mxsorting');
INSERT INTO "mendixsystem$unique_constraint" ("name", 
"table_id", 
"column_id")
 VALUES ('uniq_xlsreport$mxsorting_mxxpath_xlsreport$mxxpathid', 
'd83a23a9-2096-4174-9834-6f3dfd2a918a', 
'1bf7416e-bd91-3711-a007-25b72696e377');
INSERT INTO "mendixsystem$unique_constraint" ("name", 
"table_id", 
"column_id")
 VALUES ('uniq_xlsreport$mxsorting_mxxpath_xlsreport$mxsortingid', 
'd83a23a9-2096-4174-9834-6f3dfd2a918a', 
'b93bea8f-f1de-3333-b1a5-61f6cd6c53df');
CREATE TABLE "xlsreport$mxsorting_mxsheet" (
	"xlsreport$mxsortingid" BIGINT NOT NULL,
	"xlsreport$mxsheetid" BIGINT NOT NULL,
	PRIMARY KEY("xlsreport$mxsortingid","xlsreport$mxsheetid"),
	CONSTRAINT "uniq_xlsreport$mxsorting_mxsheet_xlsreport$mxsortingid" UNIQUE ("xlsreport$mxsortingid"));
CREATE INDEX "idx_xlsreport$mxsorting_mxsheet_xlsreport$mxsheet_xlsreport$mxsorting" ON "xlsreport$mxsorting_mxsheet" ("xlsreport$mxsheetid" ASC,"xlsreport$mxsortingid" ASC);
INSERT INTO "mendixsystem$association" ("id", 
"association_name", 
"table_name", 
"parent_entity_id", 
"child_entity_id", 
"parent_column_name", 
"child_column_name", 
"index_name")
 VALUES ('6ee53c7d-1408-47be-9bbd-5fb0f16d9af4', 
'XLSReport.MxSorting_MxSheet', 
'xlsreport$mxsorting_mxsheet', 
'bae1ad80-27f9-4b5a-8f84-430f456daaee', 
'13db79cf-3ca1-4035-8224-673c3960831b', 
'xlsreport$mxsortingid', 
'xlsreport$mxsheetid', 
'idx_xlsreport$mxsorting_mxsheet_xlsreport$mxsheet_xlsreport$mxsorting');
INSERT INTO "mendixsystem$unique_constraint" ("name", 
"table_id", 
"column_id")
 VALUES ('uniq_xlsreport$mxsorting_mxsheet_xlsreport$mxsortingid', 
'6ee53c7d-1408-47be-9bbd-5fb0f16d9af4', 
'0e6073e6-afd8-3826-83b4-a803d3f3d5a1');
CREATE TABLE "excelimporter$templatedocument" (
	"id" BIGINT NOT NULL,
	PRIMARY KEY("id"));
INSERT INTO "mendixsystem$entity" ("id", 
"entity_name", 
"table_name", 
"superentity_id", 
"remote", 
"remote_primary_key")
 VALUES ('0dd48215-6b6a-4869-b225-f541f533b2a9', 
'ExcelImporter.TemplateDocument', 
'excelimporter$templatedocument', 
'170ce49d-f29c-4fac-99a6-b55e8a3aeb39', 
false, 
false);
CREATE TABLE "excelimporter$templatedocument_template" (
	"excelimporter$templatedocumentid" BIGINT NOT NULL,
	"excelimporter$templateid" BIGINT NOT NULL,
	PRIMARY KEY("excelimporter$templatedocumentid","excelimporter$templateid"),
	CONSTRAINT "uniq_excelimporter$templatedocument_template_excelimporter$templatedocumentid" UNIQUE ("excelimporter$templatedocumentid"));
CREATE INDEX "idx_excelimporter$templatedocument_template_excelimporter$template_excelimporter$templatedocument" ON "excelimporter$templatedocument_template" ("excelimporter$templateid" ASC,"excelimporter$templatedocumentid" ASC);
INSERT INTO "mendixsystem$association" ("id", 
"association_name", 
"table_name", 
"parent_entity_id", 
"child_entity_id", 
"parent_column_name", 
"child_column_name", 
"index_name")
 VALUES ('4202ac6c-2989-4b4b-81ca-e8b4fdf8d831', 
'ExcelImporter.TemplateDocument_Template', 
'excelimporter$templatedocument_template', 
'0dd48215-6b6a-4869-b225-f541f533b2a9', 
'ebea215e-7447-40b0-a590-9a2a915cac4e', 
'excelimporter$templatedocumentid', 
'excelimporter$templateid', 
'idx_excelimporter$templatedocument_template_excelimporter$template_excelimporter$templatedocument');
INSERT INTO "mendixsystem$unique_constraint" ("name", 
"table_id", 
"column_id")
 VALUES ('uniq_excelimporter$templatedocument_template_excelimporter$templatedocumentid', 
'4202ac6c-2989-4b4b-81ca-e8b4fdf8d831', 
'74669e2c-664e-3cfc-9d95-ed705f0ff11d');
CREATE TABLE "xlsreport$mxdata" (
	"id" BIGINT NOT NULL,
	"name" VARCHAR_IGNORECASE(200) NULL,
	"status" VARCHAR_IGNORECASE(3) NULL,
	"createddate" TIMESTAMP NULL,
	"changeddate" TIMESTAMP NULL,
	"submetaobjectname" VARCHAR_IGNORECASE(255) NULL,
	"system$changedby" BIGINT NULL,
	"system$owner" BIGINT NULL,
	PRIMARY KEY("id"));
CREATE INDEX "idx_xlsreport$mxdata_submetaobjectname_asc" ON "xlsreport$mxdata" ("submetaobjectname" ASC,"id" ASC);
CREATE INDEX "idx_xlsreport$mxdata_system$changedby" ON "xlsreport$mxdata" ("system$changedby" ASC,"id" ASC);
CREATE INDEX "idx_xlsreport$mxdata_system$owner" ON "xlsreport$mxdata" ("system$owner" ASC,"id" ASC);
INSERT INTO "mendixsystem$entity" ("id", 
"entity_name", 
"table_name", 
"remote", 
"remote_primary_key")
 VALUES ('0407eec5-10d5-445a-83a0-461f5c800327', 
'XLSReport.MxData', 
'xlsreport$mxdata', 
false, 
false);
INSERT INTO "mendixsystem$attribute" ("id", 
"entity_id", 
"attribute_name", 
"column_name", 
"type", 
"length", 
"default_value", 
"is_auto_number")
 VALUES ('db3863e1-da0e-4e1f-8b0b-07e850fafb42', 
'0407eec5-10d5-445a-83a0-461f5c800327', 
'Name', 
'name', 
30, 
200, 
'', 
false);
INSERT INTO "mendixsystem$attribute" ("id", 
"entity_id", 
"attribute_name", 
"column_name", 
"type", 
"length", 
"default_value", 
"is_auto_number")
 VALUES ('894a6c1d-0630-4827-8d20-4e103f9ba752', 
'0407eec5-10d5-445a-83a0-461f5c800327', 
'Status', 
'status', 
40, 
3, 
'No', 
false);
INSERT INTO "mendixsystem$attribute" ("id", 
"entity_id", 
"attribute_name", 
"column_name", 
"type", 
"length", 
"default_value", 
"is_auto_number")
 VALUES ('48e9c6f5-fb53-3ce1-92da-ad829222289b', 
'0407eec5-10d5-445a-83a0-461f5c800327', 
'createdDate', 
'createddate', 
20, 
0, 
'', 
false);
INSERT INTO "mendixsystem$attribute" ("id", 
"entity_id", 
"attribute_name", 
"column_name", 
"type", 
"length", 
"default_value", 
"is_auto_number")
 VALUES ('99f44e09-827c-3a8a-aeb3-74476fec4687', 
'0407eec5-10d5-445a-83a0-461f5c800327', 
'changedDate', 
'changeddate', 
20, 
0, 
'', 
false);
INSERT INTO "mendixsystem$attribute" ("id", 
"entity_id", 
"attribute_name", 
"column_name", 
"type", 
"length", 
"default_value", 
"is_auto_number")
 VALUES ('395603d8-e958-3193-a8dd-598e84e8f8b7', 
'0407eec5-10d5-445a-83a0-461f5c800327', 
'submetaobjectname', 
'submetaobjectname', 
30, 
255, 
'XLSReport.MxData', 
false);
INSERT INTO "mendixsystem$index" ("id", 
"table_id", 
"index_name")
 VALUES ('c2632f3c-83d7-32f1-b6a7-590a6ff83ba6', 
'0407eec5-10d5-445a-83a0-461f5c800327', 
'idx_xlsreport$mxdata_submetaobjectname_asc');
INSERT INTO "mendixsystem$index_column" ("index_id", 
"column_id", 
"sort_order", 
"ordinal")
 VALUES ('c2632f3c-83d7-32f1-b6a7-590a6ff83ba6', 
'395603d8-e958-3193-a8dd-598e84e8f8b7', 
false, 
0);
INSERT INTO "mendixsystem$index" ("id", 
"table_id", 
"index_name")
 VALUES ('9e344187-b88f-3191-bccf-4ce60142dbe6', 
'0407eec5-10d5-445a-83a0-461f5c800327', 
'idx_xlsreport$mxdata_system$changedby');
INSERT INTO "mendixsystem$index_column" ("index_id", 
"column_id", 
"sort_order", 
"ordinal")
 VALUES ('9e344187-b88f-3191-bccf-4ce60142dbe6', 
'de17f470-61c6-3858-bdc4-9ed5225bf6b2', 
false, 
0);
INSERT INTO "mendixsystem$index" ("id", 
"table_id", 
"index_name")
 VALUES ('330316e0-ee09-3695-bced-45fc6b0e3e58', 
'0407eec5-10d5-445a-83a0-461f5c800327', 
'idx_xlsreport$mxdata_system$owner');
INSERT INTO "mendixsystem$index_column" ("index_id", 
"column_id", 
"sort_order", 
"ordinal")
 VALUES ('330316e0-ee09-3695-bced-45fc6b0e3e58', 
'07c6da68-45e1-30a2-810b-337abb33c01e', 
false, 
0);
INSERT INTO "mendixsystem$association" ("id", 
"association_name", 
"table_name", 
"parent_entity_id", 
"child_entity_id", 
"parent_column_name", 
"child_column_name")
 VALUES ('de17f470-61c6-3858-bdc4-9ed5225bf6b2', 
'System.changedBy', 
'system$changedby', 
'0407eec5-10d5-445a-83a0-461f5c800327', 
'282e2e60-88a5-469d-84a5-ba8d9151644f', 
'id', 
'system$changedby');
INSERT INTO "mendixsystem$association" ("id", 
"association_name", 
"table_name", 
"parent_entity_id", 
"child_entity_id", 
"parent_column_name", 
"child_column_name")
 VALUES ('07c6da68-45e1-30a2-810b-337abb33c01e', 
'System.owner', 
'system$owner', 
'0407eec5-10d5-445a-83a0-461f5c800327', 
'282e2e60-88a5-469d-84a5-ba8d9151644f', 
'id', 
'system$owner');
CREATE TABLE "xlsreport$mxdata_mxsheet" (
	"xlsreport$mxdataid" BIGINT NOT NULL,
	"xlsreport$mxsheetid" BIGINT NOT NULL,
	PRIMARY KEY("xlsreport$mxdataid","xlsreport$mxsheetid"),
	CONSTRAINT "uniq_xlsreport$mxdata_mxsheet_xlsreport$mxdataid" UNIQUE ("xlsreport$mxdataid"));
CREATE INDEX "idx_xlsreport$mxdata_mxsheet_xlsreport$mxsheet_xlsreport$mxdata" ON "xlsreport$mxdata_mxsheet" ("xlsreport$mxsheetid" ASC,"xlsreport$mxdataid" ASC);
INSERT INTO "mendixsystem$association" ("id", 
"association_name", 
"table_name", 
"parent_entity_id", 
"child_entity_id", 
"parent_column_name", 
"child_column_name", 
"index_name")
 VALUES ('727ab87f-9e1e-400c-85f5-b9b617f2721d', 
'XLSReport.MxData_MxSheet', 
'xlsreport$mxdata_mxsheet', 
'0407eec5-10d5-445a-83a0-461f5c800327', 
'13db79cf-3ca1-4035-8224-673c3960831b', 
'xlsreport$mxdataid', 
'xlsreport$mxsheetid', 
'idx_xlsreport$mxdata_mxsheet_xlsreport$mxsheet_xlsreport$mxdata');
INSERT INTO "mendixsystem$unique_constraint" ("name", 
"table_id", 
"column_id")
 VALUES ('uniq_xlsreport$mxdata_mxsheet_xlsreport$mxdataid', 
'727ab87f-9e1e-400c-85f5-b9b617f2721d', 
'ec6074c2-1223-3380-9446-751ea650bc02');
CREATE TABLE "xlsreport$mxdata_mxcellstyle" (
	"xlsreport$mxdataid" BIGINT NOT NULL,
	"xlsreport$mxcellstyleid" BIGINT NOT NULL,
	PRIMARY KEY("xlsreport$mxdataid","xlsreport$mxcellstyleid"),
	CONSTRAINT "uniq_xlsreport$mxdata_mxcellstyle_xlsreport$mxdataid" UNIQUE ("xlsreport$mxdataid"));
CREATE INDEX "idx_xlsreport$mxdata_mxcellstyle_xlsreport$mxcellstyle_xlsreport$mxdata" ON "xlsreport$mxdata_mxcellstyle" ("xlsreport$mxcellstyleid" ASC,"xlsreport$mxdataid" ASC);
INSERT INTO "mendixsystem$association" ("id", 
"association_name", 
"table_name", 
"parent_entity_id", 
"child_entity_id", 
"parent_column_name", 
"child_column_name", 
"index_name")
 VALUES ('deddc366-f226-4213-a77e-51ef92dd5a25', 
'XLSReport.MxData_MxCellStyle', 
'xlsreport$mxdata_mxcellstyle', 
'0407eec5-10d5-445a-83a0-461f5c800327', 
'b85fd75c-3f20-411d-a6c1-2ddacebd34f4', 
'xlsreport$mxdataid', 
'xlsreport$mxcellstyleid', 
'idx_xlsreport$mxdata_mxcellstyle_xlsreport$mxcellstyle_xlsreport$mxdata');
INSERT INTO "mendixsystem$unique_constraint" ("name", 
"table_id", 
"column_id")
 VALUES ('uniq_xlsreport$mxdata_mxcellstyle_xlsreport$mxdataid', 
'deddc366-f226-4213-a77e-51ef92dd5a25', 
'e7e4e065-5d09-34a8-8c6e-6160754026ea');
CREATE TABLE "rencar$contract_contractsearch" (
	"rencar$contractid" BIGINT NOT NULL,
	"rencar$contractsearchid" BIGINT NOT NULL,
	PRIMARY KEY("rencar$contractid","rencar$contractsearchid"));
CREATE INDEX "idx_rencar$contract_contractsearch_rencar$contractsearch_rencar$contract" ON "rencar$contract_contractsearch" ("rencar$contractsearchid" ASC,"rencar$contractid" ASC);
INSERT INTO "mendixsystem$association" ("id", 
"association_name", 
"table_name", 
"parent_entity_id", 
"child_entity_id", 
"parent_column_name", 
"child_column_name", 
"index_name")
 VALUES ('dcbfcf60-2c3a-4d7c-9057-8f0e85dca0c5', 
'Rencar.Contract_ContractSearch', 
'rencar$contract_contractsearch', 
'805312d2-05f7-4eac-9003-4f4b1537b362', 
'91ac989e-d3df-4e99-b7da-dc5e338769f8', 
'rencar$contractid', 
'rencar$contractsearchid', 
'idx_rencar$contract_contractsearch_rencar$contractsearch_rencar$contract');
CREATE TABLE "xlsreport$mxreferencehandling" (
	"id" BIGINT NOT NULL,
	"reference" VARCHAR_IGNORECASE(200) NULL,
	"jointype" VARCHAR_IGNORECASE(5) NULL,
	PRIMARY KEY("id"));
CREATE INDEX "idx_xlsreport$mxreferencehandling_reference_asc" ON "xlsreport$mxreferencehandling" ("reference" ASC,"id" ASC);
INSERT INTO "mendixsystem$entity" ("id", 
"entity_name", 
"table_name", 
"remote", 
"remote_primary_key")
 VALUES ('52f2dd85-a8c2-4a71-8efa-b15a2f7cab8e', 
'XLSReport.MxReferenceHandling', 
'xlsreport$mxreferencehandling', 
false, 
false);
INSERT INTO "mendixsystem$attribute" ("id", 
"entity_id", 
"attribute_name", 
"column_name", 
"type", 
"length", 
"default_value", 
"is_auto_number")
 VALUES ('87f44441-5a26-40f5-aa5d-33663cd93263', 
'52f2dd85-a8c2-4a71-8efa-b15a2f7cab8e', 
'Reference', 
'reference', 
30, 
200, 
'', 
false);
INSERT INTO "mendixsystem$attribute" ("id", 
"entity_id", 
"attribute_name", 
"column_name", 
"type", 
"length", 
"default_value", 
"is_auto_number")
 VALUES ('2e6b3710-dc93-4390-98d5-5221b28e6ebd', 
'52f2dd85-a8c2-4a71-8efa-b15a2f7cab8e', 
'JoinType', 
'jointype', 
40, 
5, 
'INNER', 
false);
INSERT INTO "mendixsystem$index" ("id", 
"table_id", 
"index_name")
 VALUES ('d92a9609-98a3-4efb-9f4d-28687b8399c0', 
'52f2dd85-a8c2-4a71-8efa-b15a2f7cab8e', 
'idx_xlsreport$mxreferencehandling_reference_asc');
INSERT INTO "mendixsystem$index_column" ("index_id", 
"column_id", 
"sort_order", 
"ordinal")
 VALUES ('d92a9609-98a3-4efb-9f4d-28687b8399c0', 
'87f44441-5a26-40f5-aa5d-33663cd93263', 
false, 
0);
CREATE TABLE "xlsreport$mxreferencehandling_mxsheet" (
	"xlsreport$mxreferencehandlingid" BIGINT NOT NULL,
	"xlsreport$mxsheetid" BIGINT NOT NULL,
	PRIMARY KEY("xlsreport$mxreferencehandlingid","xlsreport$mxsheetid"),
	CONSTRAINT "uniq_xlsreport$mxreferencehandling_mxsheet_xlsreport$mxreferencehandlingid" UNIQUE ("xlsreport$mxreferencehandlingid"));
CREATE INDEX "idx_xlsreport$mxreferencehandling_mxsheet_xlsreport$mxsheet_xlsreport$mxreferencehandling" ON "xlsreport$mxreferencehandling_mxsheet" ("xlsreport$mxsheetid" ASC,"xlsreport$mxreferencehandlingid" ASC);
INSERT INTO "mendixsystem$association" ("id", 
"association_name", 
"table_name", 
"parent_entity_id", 
"child_entity_id", 
"parent_column_name", 
"child_column_name", 
"index_name")
 VALUES ('5b364a43-55fd-4861-b103-b86d4ec072b5', 
'XLSReport.MxReferenceHandling_MxSheet', 
'xlsreport$mxreferencehandling_mxsheet', 
'52f2dd85-a8c2-4a71-8efa-b15a2f7cab8e', 
'13db79cf-3ca1-4035-8224-673c3960831b', 
'xlsreport$mxreferencehandlingid', 
'xlsreport$mxsheetid', 
'idx_xlsreport$mxreferencehandling_mxsheet_xlsreport$mxsheet_xlsreport$mxreferencehandling');
INSERT INTO "mendixsystem$unique_constraint" ("name", 
"table_id", 
"column_id")
 VALUES ('uniq_xlsreport$mxreferencehandling_mxsheet_xlsreport$mxreferencehandlingid', 
'5b364a43-55fd-4861-b103-b86d4ec072b5', 
'c0334d9c-d1f4-3335-9956-0690d82da6d1');
CREATE TABLE "xlsreport$customexcel" (
	"id" BIGINT NOT NULL,
	PRIMARY KEY("id"));
INSERT INTO "mendixsystem$entity" ("id", 
"entity_name", 
"table_name", 
"superentity_id", 
"remote", 
"remote_primary_key")
 VALUES ('86100afe-9799-4a5b-b191-4acc7e0fb043', 
'XLSReport.CustomExcel', 
'xlsreport$customexcel', 
'170ce49d-f29c-4fac-99a6-b55e8a3aeb39', 
false, 
false);
CREATE TABLE "xlsreport$mxrowsettings" (
	"id" BIGINT NOT NULL,
	"rowindex" INT NULL,
	"defaultheight" BOOLEAN NULL,
	"rowheight" INT NULL,
	"createddate" TIMESTAMP NULL,
	"changeddate" TIMESTAMP NULL,
	"system$owner" BIGINT NULL,
	"system$changedby" BIGINT NULL,
	PRIMARY KEY("id"));
CREATE INDEX "idx_xlsreport$mxrowsettings_system$owner" ON "xlsreport$mxrowsettings" ("system$owner" ASC,"id" ASC);
CREATE INDEX "idx_xlsreport$mxrowsettings_system$changedby" ON "xlsreport$mxrowsettings" ("system$changedby" ASC,"id" ASC);
INSERT INTO "mendixsystem$entity" ("id", 
"entity_name", 
"table_name", 
"remote", 
"remote_primary_key")
 VALUES ('52746f8c-0ba8-444c-9bb3-c715f341e434', 
'XLSReport.MxRowSettings', 
'xlsreport$mxrowsettings', 
false, 
false);
INSERT INTO "mendixsystem$attribute" ("id", 
"entity_id", 
"attribute_name", 
"column_name", 
"type", 
"length", 
"default_value", 
"is_auto_number")
 VALUES ('0ce12be0-1b8d-4bec-9dc4-0c1d42d5ecc5', 
'52746f8c-0ba8-444c-9bb3-c715f341e434', 
'RowIndex', 
'rowindex', 
3, 
0, 
'0', 
false);
INSERT INTO "mendixsystem$attribute" ("id", 
"entity_id", 
"attribute_name", 
"column_name", 
"type", 
"length", 
"default_value", 
"is_auto_number")
 VALUES ('2a311026-b9b5-4173-8b2f-aa77fc1c4674', 
'52746f8c-0ba8-444c-9bb3-c715f341e434', 
'DefaultHeight', 
'defaultheight', 
10, 
0, 
'false', 
false);
INSERT INTO "mendixsystem$attribute" ("id", 
"entity_id", 
"attribute_name", 
"column_name", 
"type", 
"length", 
"default_value", 
"is_auto_number")
 VALUES ('9c8d4267-22b7-4033-8fc7-287c78b63949', 
'52746f8c-0ba8-444c-9bb3-c715f341e434', 
'RowHeight', 
'rowheight', 
3, 
0, 
'0', 
false);
INSERT INTO "mendixsystem$attribute" ("id", 
"entity_id", 
"attribute_name", 
"column_name", 
"type", 
"length", 
"default_value", 
"is_auto_number")
 VALUES ('10b18835-e58a-3ea8-a86a-01869d24415e', 
'52746f8c-0ba8-444c-9bb3-c715f341e434', 
'createdDate', 
'createddate', 
20, 
0, 
'', 
false);
INSERT INTO "mendixsystem$attribute" ("id", 
"entity_id", 
"attribute_name", 
"column_name", 
"type", 
"length", 
"default_value", 
"is_auto_number")
 VALUES ('970d1d00-49c6-32a7-b706-cfcbf65d4368', 
'52746f8c-0ba8-444c-9bb3-c715f341e434', 
'changedDate', 
'changeddate', 
20, 
0, 
'', 
false);
INSERT INTO "mendixsystem$index" ("id", 
"table_id", 
"index_name")
 VALUES ('4f713355-69e4-3e7b-8b29-69283661acbe', 
'52746f8c-0ba8-444c-9bb3-c715f341e434', 
'idx_xlsreport$mxrowsettings_system$owner');
INSERT INTO "mendixsystem$index_column" ("index_id", 
"column_id", 
"sort_order", 
"ordinal")
 VALUES ('4f713355-69e4-3e7b-8b29-69283661acbe', 
'20ebf2b0-cb96-3091-bf5f-d11286c32ec6', 
false, 
0);
INSERT INTO "mendixsystem$index" ("id", 
"table_id", 
"index_name")
 VALUES ('d8ae3042-cb0e-3682-93ef-9eb3f46dc768', 
'52746f8c-0ba8-444c-9bb3-c715f341e434', 
'idx_xlsreport$mxrowsettings_system$changedby');
INSERT INTO "mendixsystem$index_column" ("index_id", 
"column_id", 
"sort_order", 
"ordinal")
 VALUES ('d8ae3042-cb0e-3682-93ef-9eb3f46dc768', 
'89604627-622d-3e6c-9445-bc8ab7426e0a', 
false, 
0);
INSERT INTO "mendixsystem$association" ("id", 
"association_name", 
"table_name", 
"parent_entity_id", 
"child_entity_id", 
"parent_column_name", 
"child_column_name")
 VALUES ('20ebf2b0-cb96-3091-bf5f-d11286c32ec6', 
'System.owner', 
'system$owner', 
'52746f8c-0ba8-444c-9bb3-c715f341e434', 
'282e2e60-88a5-469d-84a5-ba8d9151644f', 
'id', 
'system$owner');
INSERT INTO "mendixsystem$association" ("id", 
"association_name", 
"table_name", 
"parent_entity_id", 
"child_entity_id", 
"parent_column_name", 
"child_column_name")
 VALUES ('89604627-622d-3e6c-9445-bc8ab7426e0a', 
'System.changedBy', 
'system$changedby', 
'52746f8c-0ba8-444c-9bb3-c715f341e434', 
'282e2e60-88a5-469d-84a5-ba8d9151644f', 
'id', 
'system$changedby');
CREATE TABLE "xlsreport$mxrowsettings_mxsheet" (
	"xlsreport$mxrowsettingsid" BIGINT NOT NULL,
	"xlsreport$mxsheetid" BIGINT NOT NULL,
	PRIMARY KEY("xlsreport$mxrowsettingsid","xlsreport$mxsheetid"),
	CONSTRAINT "uniq_xlsreport$mxrowsettings_mxsheet_xlsreport$mxrowsettingsid" UNIQUE ("xlsreport$mxrowsettingsid"));
CREATE INDEX "idx_xlsreport$mxrowsettings_mxsheet_xlsreport$mxsheet_xlsreport$mxrowsettings" ON "xlsreport$mxrowsettings_mxsheet" ("xlsreport$mxsheetid" ASC,"xlsreport$mxrowsettingsid" ASC);
INSERT INTO "mendixsystem$association" ("id", 
"association_name", 
"table_name", 
"parent_entity_id", 
"child_entity_id", 
"parent_column_name", 
"child_column_name", 
"index_name")
 VALUES ('6ed6e16b-4041-49e7-b5d0-cc6725df1662', 
'XLSReport.MxRowSettings_MxSheet', 
'xlsreport$mxrowsettings_mxsheet', 
'52746f8c-0ba8-444c-9bb3-c715f341e434', 
'13db79cf-3ca1-4035-8224-673c3960831b', 
'xlsreport$mxrowsettingsid', 
'xlsreport$mxsheetid', 
'idx_xlsreport$mxrowsettings_mxsheet_xlsreport$mxsheet_xlsreport$mxrowsettings');
INSERT INTO "mendixsystem$unique_constraint" ("name", 
"table_id", 
"column_id")
 VALUES ('uniq_xlsreport$mxrowsettings_mxsheet_xlsreport$mxrowsettingsid', 
'6ed6e16b-4041-49e7-b5d0-cc6725df1662', 
'2d275ce9-5032-3d73-80f0-4d367f0eaf1c');
CREATE TABLE "excelimporter$log" (
	"id" BIGINT NOT NULL,
	"logline" VARCHAR_IGNORECASE(2147483647) NULL,
	"createddate" TIMESTAMP NULL,
	"changeddate" TIMESTAMP NULL,
	"system$owner" BIGINT NULL,
	"system$changedby" BIGINT NULL,
	PRIMARY KEY("id"));
CREATE INDEX "idx_excelimporter$log_system$owner" ON "excelimporter$log" ("system$owner" ASC,"id" ASC);
CREATE INDEX "idx_excelimporter$log_system$changedby" ON "excelimporter$log" ("system$changedby" ASC,"id" ASC);
INSERT INTO "mendixsystem$entity" ("id", 
"entity_name", 
"table_name", 
"remote", 
"remote_primary_key")
 VALUES ('da2261fe-b8e4-4c4f-bbd5-ff0369e19751', 
'ExcelImporter.Log', 
'excelimporter$log', 
false, 
false);
INSERT INTO "mendixsystem$attribute" ("id", 
"entity_id", 
"attribute_name", 
"column_name", 
"type", 
"length", 
"default_value", 
"is_auto_number")
 VALUES ('c893852c-c6f3-4a74-bdcd-c714eff1dc4e', 
'da2261fe-b8e4-4c4f-bbd5-ff0369e19751', 
'Logline', 
'logline', 
30, 
0, 
'', 
false);
INSERT INTO "mendixsystem$attribute" ("id", 
"entity_id", 
"attribute_name", 
"column_name", 
"type", 
"length", 
"default_value", 
"is_auto_number")
 VALUES ('3be171e5-a35a-3a3e-b194-e329de6ccf50', 
'da2261fe-b8e4-4c4f-bbd5-ff0369e19751', 
'createdDate', 
'createddate', 
20, 
0, 
'', 
false);
INSERT INTO "mendixsystem$attribute" ("id", 
"entity_id", 
"attribute_name", 
"column_name", 
"type", 
"length", 
"default_value", 
"is_auto_number")
 VALUES ('52ff6473-f13a-38ff-a146-34c833bd69c3', 
'da2261fe-b8e4-4c4f-bbd5-ff0369e19751', 
'changedDate', 
'changeddate', 
20, 
0, 
'', 
false);
INSERT INTO "mendixsystem$index" ("id", 
"table_id", 
"index_name")
 VALUES ('e2c92311-90fc-3b6e-bfc8-c38d6fb8a244', 
'da2261fe-b8e4-4c4f-bbd5-ff0369e19751', 
'idx_excelimporter$log_system$owner');
INSERT INTO "mendixsystem$index_column" ("index_id", 
"column_id", 
"sort_order", 
"ordinal")
 VALUES ('e2c92311-90fc-3b6e-bfc8-c38d6fb8a244', 
'5e1d0406-3311-3938-b11a-29dc547db484', 
false, 
0);
INSERT INTO "mendixsystem$index" ("id", 
"table_id", 
"index_name")
 VALUES ('f90156e1-0051-3f9a-86f5-bbd32516d190', 
'da2261fe-b8e4-4c4f-bbd5-ff0369e19751', 
'idx_excelimporter$log_system$changedby');
INSERT INTO "mendixsystem$index_column" ("index_id", 
"column_id", 
"sort_order", 
"ordinal")
 VALUES ('f90156e1-0051-3f9a-86f5-bbd32516d190', 
'c9d38261-b8e6-3a42-9a0c-e3a32b0a4aa6', 
false, 
0);
INSERT INTO "mendixsystem$association" ("id", 
"association_name", 
"table_name", 
"parent_entity_id", 
"child_entity_id", 
"parent_column_name", 
"child_column_name")
 VALUES ('5e1d0406-3311-3938-b11a-29dc547db484', 
'System.owner', 
'system$owner', 
'da2261fe-b8e4-4c4f-bbd5-ff0369e19751', 
'282e2e60-88a5-469d-84a5-ba8d9151644f', 
'id', 
'system$owner');
INSERT INTO "mendixsystem$association" ("id", 
"association_name", 
"table_name", 
"parent_entity_id", 
"child_entity_id", 
"parent_column_name", 
"child_column_name")
 VALUES ('c9d38261-b8e6-3a42-9a0c-e3a32b0a4aa6', 
'System.changedBy', 
'system$changedby', 
'da2261fe-b8e4-4c4f-bbd5-ff0369e19751', 
'282e2e60-88a5-469d-84a5-ba8d9151644f', 
'id', 
'system$changedby');
CREATE TABLE "excelimporter$log_xmldocumenttemplate" (
	"excelimporter$logid" BIGINT NOT NULL,
	"excelimporter$xmldocumenttemplateid" BIGINT NOT NULL,
	PRIMARY KEY("excelimporter$logid","excelimporter$xmldocumenttemplateid"),
	CONSTRAINT "uniq_excelimporter$log_xmldocumenttemplate_excelimporter$logid" UNIQUE ("excelimporter$logid"));
CREATE INDEX "idx_excelimporter$log_xmldocumenttemplate_excelimporter$xmldocumenttemplate_excelimporter$log" ON "excelimporter$log_xmldocumenttemplate" ("excelimporter$xmldocumenttemplateid" ASC,"excelimporter$logid" ASC);
INSERT INTO "mendixsystem$association" ("id", 
"association_name", 
"table_name", 
"parent_entity_id", 
"child_entity_id", 
"parent_column_name", 
"child_column_name", 
"index_name")
 VALUES ('d1b3890f-64c7-4b52-a2d3-0b72c4ebe2a8', 
'ExcelImporter.Log_XMLDocumentTemplate', 
'excelimporter$log_xmldocumenttemplate', 
'da2261fe-b8e4-4c4f-bbd5-ff0369e19751', 
'2bdcb772-b224-4c4f-a13e-c916b00dc2ab', 
'excelimporter$logid', 
'excelimporter$xmldocumenttemplateid', 
'idx_excelimporter$log_xmldocumenttemplate_excelimporter$xmldocumenttemplate_excelimporter$log');
INSERT INTO "mendixsystem$unique_constraint" ("name", 
"table_id", 
"column_id")
 VALUES ('uniq_excelimporter$log_xmldocumenttemplate_excelimporter$logid', 
'd1b3890f-64c7-4b52-a2d3-0b72c4ebe2a8', 
'38f43821-bad7-34ac-b620-0c0921355412');
CREATE TABLE "xlsreport$mxtemplate" (
	"id" BIGINT NOT NULL,
	"templateid" BIGINT NULL,
	"name" VARCHAR_IGNORECASE(200) NULL,
	"description" VARCHAR_IGNORECASE(2147483647) NULL,
	"documenttype" VARCHAR_IGNORECASE(4) NULL,
	"csvseparator" VARCHAR_IGNORECASE(9) NULL,
	"datetimepresentation" VARCHAR_IGNORECASE(12) NULL,
	"customedateformat" VARCHAR_IGNORECASE(200) NULL,
	"createddate" TIMESTAMP NULL,
	"changeddate" TIMESTAMP NULL,
	"system$changedby" BIGINT NULL,
	"system$owner" BIGINT NULL,
	PRIMARY KEY("id"));
CREATE SEQUENCE "xlsreport$mxtemplate_templateid_mxseq" AS BIGINT START WITH 1;
CREATE INDEX "idx_xlsreport$mxtemplate_system$changedby" ON "xlsreport$mxtemplate" ("system$changedby" ASC,"id" ASC);
CREATE INDEX "idx_xlsreport$mxtemplate_system$owner" ON "xlsreport$mxtemplate" ("system$owner" ASC,"id" ASC);
INSERT INTO "mendixsystem$entity" ("id", 
"entity_name", 
"table_name", 
"remote", 
"remote_primary_key")
 VALUES ('704d61f2-54e6-4f5b-9d67-37e4b2057c6d', 
'XLSReport.MxTemplate', 
'xlsreport$mxtemplate', 
false, 
false);
INSERT INTO "mendixsystem$attribute" ("id", 
"entity_id", 
"attribute_name", 
"column_name", 
"type", 
"length", 
"default_value", 
"is_auto_number")
 VALUES ('8420d771-c55f-494c-b0ee-ca3edb126d8a', 
'704d61f2-54e6-4f5b-9d67-37e4b2057c6d', 
'TemplateID', 
'templateid', 
0, 
0, 
'1', 
true);
INSERT INTO "mendixsystem$sequence" ("attribute_id", 
"name", 
"start_value", 
"current_value")
 VALUES ('8420d771-c55f-494c-b0ee-ca3edb126d8a', 
'xlsreport$mxtemplate_templateid_mxseq', 
1, 
0);
INSERT INTO "mendixsystem$attribute" ("id", 
"entity_id", 
"attribute_name", 
"column_name", 
"type", 
"length", 
"default_value", 
"is_auto_number")
 VALUES ('accbd1b9-8698-46b3-b857-a7b36cd0cb4a', 
'704d61f2-54e6-4f5b-9d67-37e4b2057c6d', 
'Name', 
'name', 
30, 
200, 
'', 
false);
INSERT INTO "mendixsystem$attribute" ("id", 
"entity_id", 
"attribute_name", 
"column_name", 
"type", 
"length", 
"default_value", 
"is_auto_number")
 VALUES ('54b709bd-65f3-4616-aa34-bffb9b6cd10c', 
'704d61f2-54e6-4f5b-9d67-37e4b2057c6d', 
'Description', 
'description', 
30, 
0, 
'', 
false);
INSERT INTO "mendixsystem$attribute" ("id", 
"entity_id", 
"attribute_name", 
"column_name", 
"type", 
"length", 
"default_value", 
"is_auto_number")
 VALUES ('d138e313-6c85-4d3c-bdf7-00dbe77f224b', 
'704d61f2-54e6-4f5b-9d67-37e4b2057c6d', 
'DocumentType', 
'documenttype', 
40, 
4, 
'XLS', 
false);
INSERT INTO "mendixsystem$attribute" ("id", 
"entity_id", 
"attribute_name", 
"column_name", 
"type", 
"length", 
"default_value", 
"is_auto_number")
 VALUES ('5cddeb25-26a9-4759-9237-d4cf6b584721', 
'704d61f2-54e6-4f5b-9d67-37e4b2057c6d', 
'CSVSeparator', 
'csvseparator', 
40, 
9, 
'', 
false);
INSERT INTO "mendixsystem$attribute" ("id", 
"entity_id", 
"attribute_name", 
"column_name", 
"type", 
"length", 
"default_value", 
"is_auto_number")
 VALUES ('67f40f92-3a49-4009-a706-743f932abb19', 
'704d61f2-54e6-4f5b-9d67-37e4b2057c6d', 
'DateTimePresentation', 
'datetimepresentation', 
40, 
12, 
'', 
false);
INSERT INTO "mendixsystem$attribute" ("id", 
"entity_id", 
"attribute_name", 
"column_name", 
"type", 
"length", 
"default_value", 
"is_auto_number")
 VALUES ('1d361e5c-fb2c-4fc1-8cbd-e1c45f69f019', 
'704d61f2-54e6-4f5b-9d67-37e4b2057c6d', 
'CustomeDateFormat', 
'customedateformat', 
30, 
200, 
'', 
false);
INSERT INTO "mendixsystem$attribute" ("id", 
"entity_id", 
"attribute_name", 
"column_name", 
"type", 
"length", 
"default_value", 
"is_auto_number")
 VALUES ('64fdf1cd-f935-3044-aa85-10f30029e527', 
'704d61f2-54e6-4f5b-9d67-37e4b2057c6d', 
'createdDate', 
'createddate', 
20, 
0, 
'', 
false);
INSERT INTO "mendixsystem$attribute" ("id", 
"entity_id", 
"attribute_name", 
"column_name", 
"type", 
"length", 
"default_value", 
"is_auto_number")
 VALUES ('25730d86-2e7a-342a-83d3-7f4b1eeb782f', 
'704d61f2-54e6-4f5b-9d67-37e4b2057c6d', 
'changedDate', 
'changeddate', 
20, 
0, 
'', 
false);
INSERT INTO "mendixsystem$index" ("id", 
"table_id", 
"index_name")
 VALUES ('48bc99f7-3821-3d2a-9863-304124158534', 
'704d61f2-54e6-4f5b-9d67-37e4b2057c6d', 
'idx_xlsreport$mxtemplate_system$changedby');
INSERT INTO "mendixsystem$index_column" ("index_id", 
"column_id", 
"sort_order", 
"ordinal")
 VALUES ('48bc99f7-3821-3d2a-9863-304124158534', 
'964aa60f-653e-397f-8486-3f3ce996a2f7', 
false, 
0);
INSERT INTO "mendixsystem$index" ("id", 
"table_id", 
"index_name")
 VALUES ('af6275f9-a14d-3375-b956-822ed1245bf8', 
'704d61f2-54e6-4f5b-9d67-37e4b2057c6d', 
'idx_xlsreport$mxtemplate_system$owner');
INSERT INTO "mendixsystem$index_column" ("index_id", 
"column_id", 
"sort_order", 
"ordinal")
 VALUES ('af6275f9-a14d-3375-b956-822ed1245bf8', 
'375f5fa9-5e09-3e05-8ad1-b55ec592e94a', 
false, 
0);
INSERT INTO "mendixsystem$association" ("id", 
"association_name", 
"table_name", 
"parent_entity_id", 
"child_entity_id", 
"parent_column_name", 
"child_column_name")
 VALUES ('964aa60f-653e-397f-8486-3f3ce996a2f7', 
'System.changedBy', 
'system$changedby', 
'704d61f2-54e6-4f5b-9d67-37e4b2057c6d', 
'282e2e60-88a5-469d-84a5-ba8d9151644f', 
'id', 
'system$changedby');
INSERT INTO "mendixsystem$association" ("id", 
"association_name", 
"table_name", 
"parent_entity_id", 
"child_entity_id", 
"parent_column_name", 
"child_column_name")
 VALUES ('375f5fa9-5e09-3e05-8ad1-b55ec592e94a', 
'System.owner', 
'system$owner', 
'704d61f2-54e6-4f5b-9d67-37e4b2057c6d', 
'282e2e60-88a5-469d-84a5-ba8d9151644f', 
'id', 
'system$owner');
CREATE TABLE "xlsreport$mxtemplate_inputobject" (
	"xlsreport$mxtemplateid" BIGINT NOT NULL,
	"mxmodelreflection$mxobjecttypeid" BIGINT NOT NULL,
	PRIMARY KEY("xlsreport$mxtemplateid","mxmodelreflection$mxobjecttypeid"),
	CONSTRAINT "uniq_xlsreport$mxtemplate_inputobject_xlsreport$mxtemplateid" UNIQUE ("xlsreport$mxtemplateid"));
CREATE INDEX "idx_xlsreport$mxtemplate_inputobject_mxmodelreflection$mxobjecttype_xlsreport$mxtemplate" ON "xlsreport$mxtemplate_inputobject" ("mxmodelreflection$mxobjecttypeid" ASC,"xlsreport$mxtemplateid" ASC);
INSERT INTO "mendixsystem$association" ("id", 
"association_name", 
"table_name", 
"parent_entity_id", 
"child_entity_id", 
"parent_column_name", 
"child_column_name", 
"index_name")
 VALUES ('ac605145-a88b-4922-a0b6-1e120cd37f74', 
'XLSReport.MxTemplate_InputObject', 
'xlsreport$mxtemplate_inputobject', 
'704d61f2-54e6-4f5b-9d67-37e4b2057c6d', 
'31627a0d-5a4a-44bf-8975-425ea835654a', 
'xlsreport$mxtemplateid', 
'mxmodelreflection$mxobjecttypeid', 
'idx_xlsreport$mxtemplate_inputobject_mxmodelreflection$mxobjecttype_xlsreport$mxtemplate');
INSERT INTO "mendixsystem$unique_constraint" ("name", 
"table_id", 
"column_id")
 VALUES ('uniq_xlsreport$mxtemplate_inputobject_xlsreport$mxtemplateid', 
'ac605145-a88b-4922-a0b6-1e120cd37f74', 
'7d91eb15-982b-3e31-bd78-cf2d327259c1');
CREATE TABLE "xlsreport$mxtemplate_customexcel" (
	"xlsreport$mxtemplateid" BIGINT NOT NULL,
	"xlsreport$customexcelid" BIGINT NOT NULL,
	PRIMARY KEY("xlsreport$mxtemplateid","xlsreport$customexcelid"),
	CONSTRAINT "uniq_xlsreport$mxtemplate_customexcel_xlsreport$mxtemplateid" UNIQUE ("xlsreport$mxtemplateid"));
CREATE INDEX "idx_xlsreport$mxtemplate_customexcel_xlsreport$customexcel_xlsreport$mxtemplate" ON "xlsreport$mxtemplate_customexcel" ("xlsreport$customexcelid" ASC,"xlsreport$mxtemplateid" ASC);
INSERT INTO "mendixsystem$association" ("id", 
"association_name", 
"table_name", 
"parent_entity_id", 
"child_entity_id", 
"parent_column_name", 
"child_column_name", 
"index_name")
 VALUES ('0e1e6470-debe-4dd3-8cad-09340e0d3b5e', 
'XLSReport.MxTemplate_CustomExcel', 
'xlsreport$mxtemplate_customexcel', 
'704d61f2-54e6-4f5b-9d67-37e4b2057c6d', 
'86100afe-9799-4a5b-b191-4acc7e0fb043', 
'xlsreport$mxtemplateid', 
'xlsreport$customexcelid', 
'idx_xlsreport$mxtemplate_customexcel_xlsreport$customexcel_xlsreport$mxtemplate');
INSERT INTO "mendixsystem$unique_constraint" ("name", 
"table_id", 
"column_id")
 VALUES ('uniq_xlsreport$mxtemplate_customexcel_xlsreport$mxtemplateid', 
'0e1e6470-debe-4dd3-8cad-09340e0d3b5e', 
'c4553dc7-1580-3e61-b3b5-264c8b9e366f');
CREATE TABLE "xlsreport$mxcellstyle" (
	"id" BIGINT NOT NULL,
	"name" VARCHAR_IGNORECASE(200) NULL,
	"textbold" BOOLEAN NULL,
	"textitalic" BOOLEAN NULL,
	"textunderline" BOOLEAN NULL,
	"textalignment" VARCHAR_IGNORECASE(6) NULL,
	"textverticalalignment" VARCHAR_IGNORECASE(6) NULL,
	"textcolor" VARCHAR_IGNORECASE(10) NULL,
	"textheight" INT NULL,
	"backgroundcolor" VARCHAR_IGNORECASE(10) NULL,
	"textrotation" INT NULL,
	"wraptext" BOOLEAN NULL,
	"bordertop" INT NULL,
	"borderbottom" INT NULL,
	"borderleft" INT NULL,
	"borderright" INT NULL,
	"bordercolor" VARCHAR_IGNORECASE(10) NULL,
	"format" VARCHAR_IGNORECASE(7) NULL,
	"decimalplaces" INT NULL,
	"createddate" TIMESTAMP NULL,
	"changeddate" TIMESTAMP NULL,
	"system$changedby" BIGINT NULL,
	"system$owner" BIGINT NULL,
	PRIMARY KEY("id"));
CREATE INDEX "idx_xlsreport$mxcellstyle_system$changedby" ON "xlsreport$mxcellstyle" ("system$changedby" ASC,"id" ASC);
CREATE INDEX "idx_xlsreport$mxcellstyle_system$owner" ON "xlsreport$mxcellstyle" ("system$owner" ASC,"id" ASC);
INSERT INTO "mendixsystem$entity" ("id", 
"entity_name", 
"table_name", 
"remote", 
"remote_primary_key")
 VALUES ('b85fd75c-3f20-411d-a6c1-2ddacebd34f4', 
'XLSReport.MxCellStyle', 
'xlsreport$mxcellstyle', 
false, 
false);
INSERT INTO "mendixsystem$attribute" ("id", 
"entity_id", 
"attribute_name", 
"column_name", 
"type", 
"length", 
"default_value", 
"is_auto_number")
 VALUES ('246d0788-8174-4552-a0eb-540f88101339', 
'b85fd75c-3f20-411d-a6c1-2ddacebd34f4', 
'Name', 
'name', 
30, 
200, 
'', 
false);
INSERT INTO "mendixsystem$attribute" ("id", 
"entity_id", 
"attribute_name", 
"column_name", 
"type", 
"length", 
"default_value", 
"is_auto_number")
 VALUES ('20ae3484-2355-4e22-9e47-6ef012c27095', 
'b85fd75c-3f20-411d-a6c1-2ddacebd34f4', 
'TextBold', 
'textbold', 
10, 
0, 
'false', 
false);
INSERT INTO "mendixsystem$attribute" ("id", 
"entity_id", 
"attribute_name", 
"column_name", 
"type", 
"length", 
"default_value", 
"is_auto_number")
 VALUES ('fba02e73-a07d-432b-884d-d6273d9769ee', 
'b85fd75c-3f20-411d-a6c1-2ddacebd34f4', 
'TextItalic', 
'textitalic', 
10, 
0, 
'false', 
false);
INSERT INTO "mendixsystem$attribute" ("id", 
"entity_id", 
"attribute_name", 
"column_name", 
"type", 
"length", 
"default_value", 
"is_auto_number")
 VALUES ('61037fe0-efa3-4e97-92a4-90aea135c24e', 
'b85fd75c-3f20-411d-a6c1-2ddacebd34f4', 
'TextUnderline', 
'textunderline', 
10, 
0, 
'false', 
false);
INSERT INTO "mendixsystem$attribute" ("id", 
"entity_id", 
"attribute_name", 
"column_name", 
"type", 
"length", 
"default_value", 
"is_auto_number")
 VALUES ('30f55d31-80f5-4f3e-980f-8cd3e47436ef', 
'b85fd75c-3f20-411d-a6c1-2ddacebd34f4', 
'TextAlignment', 
'textalignment', 
40, 
6, 
'', 
false);
INSERT INTO "mendixsystem$attribute" ("id", 
"entity_id", 
"attribute_name", 
"column_name", 
"type", 
"length", 
"default_value", 
"is_auto_number")
 VALUES ('fb9f12e7-1cc0-4158-aa45-5cb232177845', 
'b85fd75c-3f20-411d-a6c1-2ddacebd34f4', 
'TextVerticalalignment', 
'textverticalalignment', 
40, 
6, 
'', 
false);
INSERT INTO "mendixsystem$attribute" ("id", 
"entity_id", 
"attribute_name", 
"column_name", 
"type", 
"length", 
"default_value", 
"is_auto_number")
 VALUES ('a16912e0-156a-4be4-ad1c-721ef507e199', 
'b85fd75c-3f20-411d-a6c1-2ddacebd34f4', 
'TextColor', 
'textcolor', 
40, 
10, 
'Black', 
false);
INSERT INTO "mendixsystem$attribute" ("id", 
"entity_id", 
"attribute_name", 
"column_name", 
"type", 
"length", 
"default_value", 
"is_auto_number")
 VALUES ('82cbced1-6690-4a28-9f2a-0a46ede8390d', 
'b85fd75c-3f20-411d-a6c1-2ddacebd34f4', 
'TextHeight', 
'textheight', 
3, 
0, 
'10', 
false);
INSERT INTO "mendixsystem$attribute" ("id", 
"entity_id", 
"attribute_name", 
"column_name", 
"type", 
"length", 
"default_value", 
"is_auto_number")
 VALUES ('79813221-c5cf-4497-95c8-20a4d1a73bc4', 
'b85fd75c-3f20-411d-a6c1-2ddacebd34f4', 
'BackgroundColor', 
'backgroundcolor', 
40, 
10, 
'Blank', 
false);
INSERT INTO "mendixsystem$attribute" ("id", 
"entity_id", 
"attribute_name", 
"column_name", 
"type", 
"length", 
"default_value", 
"is_auto_number")
 VALUES ('e9df2be3-7dfe-4f12-be06-94d19506cc68', 
'b85fd75c-3f20-411d-a6c1-2ddacebd34f4', 
'TextRotation', 
'textrotation', 
3, 
0, 
'0', 
false);
INSERT INTO "mendixsystem$attribute" ("id", 
"entity_id", 
"attribute_name", 
"column_name", 
"type", 
"length", 
"default_value", 
"is_auto_number")
 VALUES ('b87cf27d-5e67-4985-a82b-7fb3cab08b2a', 
'b85fd75c-3f20-411d-a6c1-2ddacebd34f4', 
'WrapText', 
'wraptext', 
10, 
0, 
'true', 
false);
INSERT INTO "mendixsystem$attribute" ("id", 
"entity_id", 
"attribute_name", 
"column_name", 
"type", 
"length", 
"default_value", 
"is_auto_number")
 VALUES ('09362d01-f29d-4916-a8b4-9d7e4ce5b3c2', 
'b85fd75c-3f20-411d-a6c1-2ddacebd34f4', 
'BorderTop', 
'bordertop', 
3, 
0, 
'0', 
false);
INSERT INTO "mendixsystem$attribute" ("id", 
"entity_id", 
"attribute_name", 
"column_name", 
"type", 
"length", 
"default_value", 
"is_auto_number")
 VALUES ('34f1dbf2-4524-49af-b3b5-c4dc86948494', 
'b85fd75c-3f20-411d-a6c1-2ddacebd34f4', 
'BorderBottom', 
'borderbottom', 
3, 
0, 
'0', 
false);
INSERT INTO "mendixsystem$attribute" ("id", 
"entity_id", 
"attribute_name", 
"column_name", 
"type", 
"length", 
"default_value", 
"is_auto_number")
 VALUES ('3570f583-cb9c-475e-a588-b752d6acf990', 
'b85fd75c-3f20-411d-a6c1-2ddacebd34f4', 
'BorderLeft', 
'borderleft', 
3, 
0, 
'0', 
false);
INSERT INTO "mendixsystem$attribute" ("id", 
"entity_id", 
"attribute_name", 
"column_name", 
"type", 
"length", 
"default_value", 
"is_auto_number")
 VALUES ('afa49f7e-8934-45f2-b80d-ea7fd7285c89', 
'b85fd75c-3f20-411d-a6c1-2ddacebd34f4', 
'BorderRight', 
'borderright', 
3, 
0, 
'0', 
false);
INSERT INTO "mendixsystem$attribute" ("id", 
"entity_id", 
"attribute_name", 
"column_name", 
"type", 
"length", 
"default_value", 
"is_auto_number")
 VALUES ('a44a629c-63f9-44db-a1dd-cdda1a7ec421', 
'b85fd75c-3f20-411d-a6c1-2ddacebd34f4', 
'BorderColor', 
'bordercolor', 
40, 
10, 
'Blank', 
false);
INSERT INTO "mendixsystem$attribute" ("id", 
"entity_id", 
"attribute_name", 
"column_name", 
"type", 
"length", 
"default_value", 
"is_auto_number")
 VALUES ('6b7146df-f53a-4980-bf52-023ee683131e', 
'b85fd75c-3f20-411d-a6c1-2ddacebd34f4', 
'Format', 
'format', 
40, 
7, 
'General', 
false);
INSERT INTO "mendixsystem$attribute" ("id", 
"entity_id", 
"attribute_name", 
"column_name", 
"type", 
"length", 
"default_value", 
"is_auto_number")
 VALUES ('67b2119e-9ece-40a6-a9e6-d46546676bac', 
'b85fd75c-3f20-411d-a6c1-2ddacebd34f4', 
'DecimalPlaces', 
'decimalplaces', 
3, 
0, 
'0', 
false);
INSERT INTO "mendixsystem$attribute" ("id", 
"entity_id", 
"attribute_name", 
"column_name", 
"type", 
"length", 
"default_value", 
"is_auto_number")
 VALUES ('c8ad85ba-b611-36df-8323-5d49f2ef4168', 
'b85fd75c-3f20-411d-a6c1-2ddacebd34f4', 
'createdDate', 
'createddate', 
20, 
0, 
'', 
false);
INSERT INTO "mendixsystem$attribute" ("id", 
"entity_id", 
"attribute_name", 
"column_name", 
"type", 
"length", 
"default_value", 
"is_auto_number")
 VALUES ('a889aea1-e7d9-3ceb-8ef1-cbb0db6d2886', 
'b85fd75c-3f20-411d-a6c1-2ddacebd34f4', 
'changedDate', 
'changeddate', 
20, 
0, 
'', 
false);
INSERT INTO "mendixsystem$index" ("id", 
"table_id", 
"index_name")
 VALUES ('8047fd58-23f4-36ea-8279-fbabe3c52337', 
'b85fd75c-3f20-411d-a6c1-2ddacebd34f4', 
'idx_xlsreport$mxcellstyle_system$changedby');
INSERT INTO "mendixsystem$index_column" ("index_id", 
"column_id", 
"sort_order", 
"ordinal")
 VALUES ('8047fd58-23f4-36ea-8279-fbabe3c52337', 
'31ef8fc2-7222-350a-abb6-00f99f9a9c5e', 
false, 
0);
INSERT INTO "mendixsystem$index" ("id", 
"table_id", 
"index_name")
 VALUES ('23d9f999-c67e-3fab-b4d4-7221e119dd53', 
'b85fd75c-3f20-411d-a6c1-2ddacebd34f4', 
'idx_xlsreport$mxcellstyle_system$owner');
INSERT INTO "mendixsystem$index_column" ("index_id", 
"column_id", 
"sort_order", 
"ordinal")
 VALUES ('23d9f999-c67e-3fab-b4d4-7221e119dd53', 
'b51b6621-9e47-3a5e-b4bf-7233b4cec742', 
false, 
0);
INSERT INTO "mendixsystem$association" ("id", 
"association_name", 
"table_name", 
"parent_entity_id", 
"child_entity_id", 
"parent_column_name", 
"child_column_name")
 VALUES ('31ef8fc2-7222-350a-abb6-00f99f9a9c5e', 
'System.changedBy', 
'system$changedby', 
'b85fd75c-3f20-411d-a6c1-2ddacebd34f4', 
'282e2e60-88a5-469d-84a5-ba8d9151644f', 
'id', 
'system$changedby');
INSERT INTO "mendixsystem$association" ("id", 
"association_name", 
"table_name", 
"parent_entity_id", 
"child_entity_id", 
"parent_column_name", 
"child_column_name")
 VALUES ('b51b6621-9e47-3a5e-b4bf-7233b4cec742', 
'System.owner', 
'system$owner', 
'b85fd75c-3f20-411d-a6c1-2ddacebd34f4', 
'282e2e60-88a5-469d-84a5-ba8d9151644f', 
'id', 
'system$owner');
CREATE TABLE "xlsreport$mxcellstyle_template" (
	"xlsreport$mxcellstyleid" BIGINT NOT NULL,
	"xlsreport$mxtemplateid" BIGINT NOT NULL,
	PRIMARY KEY("xlsreport$mxcellstyleid","xlsreport$mxtemplateid"),
	CONSTRAINT "uniq_xlsreport$mxcellstyle_template_xlsreport$mxcellstyleid" UNIQUE ("xlsreport$mxcellstyleid"));
CREATE INDEX "idx_xlsreport$mxcellstyle_template_xlsreport$mxtemplate_xlsreport$mxcellstyle" ON "xlsreport$mxcellstyle_template" ("xlsreport$mxtemplateid" ASC,"xlsreport$mxcellstyleid" ASC);
INSERT INTO "mendixsystem$association" ("id", 
"association_name", 
"table_name", 
"parent_entity_id", 
"child_entity_id", 
"parent_column_name", 
"child_column_name", 
"index_name")
 VALUES ('dc16bf15-3c2a-474c-bb30-459f5500838b', 
'XLSReport.MxCellStyle_Template', 
'xlsreport$mxcellstyle_template', 
'b85fd75c-3f20-411d-a6c1-2ddacebd34f4', 
'704d61f2-54e6-4f5b-9d67-37e4b2057c6d', 
'xlsreport$mxcellstyleid', 
'xlsreport$mxtemplateid', 
'idx_xlsreport$mxcellstyle_template_xlsreport$mxtemplate_xlsreport$mxcellstyle');
INSERT INTO "mendixsystem$unique_constraint" ("name", 
"table_id", 
"column_id")
 VALUES ('uniq_xlsreport$mxcellstyle_template_xlsreport$mxcellstyleid', 
'dc16bf15-3c2a-474c-bb30-459f5500838b', 
'c3118cd0-32f8-37c8-a85e-17b0063852fb');
CREATE TABLE "excelimporter$xmldocumenttemplate" (
	"id" BIGINT NOT NULL,
	PRIMARY KEY("id"));
INSERT INTO "mendixsystem$entity" ("id", 
"entity_name", 
"table_name", 
"superentity_id", 
"remote", 
"remote_primary_key")
 VALUES ('2bdcb772-b224-4c4f-a13e-c916b00dc2ab', 
'ExcelImporter.XMLDocumentTemplate', 
'excelimporter$xmldocumenttemplate', 
'170ce49d-f29c-4fac-99a6-b55e8a3aeb39', 
false, 
false);
CREATE TABLE "excelimporter$xmldocumenttemplate_template" (
	"excelimporter$xmldocumenttemplateid" BIGINT NOT NULL,
	"excelimporter$templateid" BIGINT NOT NULL,
	PRIMARY KEY("excelimporter$xmldocumenttemplateid","excelimporter$templateid"),
	CONSTRAINT "uniq_excelimporter$xmldocumenttemplate_template_excelimporter$xmldocumenttemplateid" UNIQUE ("excelimporter$xmldocumenttemplateid"));
CREATE INDEX "idx_excelimporter$xmldocumenttemplate_template_excelimporter$template_excelimporter$xmldocumenttemplate" ON "excelimporter$xmldocumenttemplate_template" ("excelimporter$templateid" ASC,"excelimporter$xmldocumenttemplateid" ASC);
INSERT INTO "mendixsystem$association" ("id", 
"association_name", 
"table_name", 
"parent_entity_id", 
"child_entity_id", 
"parent_column_name", 
"child_column_name", 
"index_name")
 VALUES ('4e9b0166-1944-46a4-b91f-7f69a4975d3f', 
'ExcelImporter.XMLDocumentTemplate_Template', 
'excelimporter$xmldocumenttemplate_template', 
'2bdcb772-b224-4c4f-a13e-c916b00dc2ab', 
'ebea215e-7447-40b0-a590-9a2a915cac4e', 
'excelimporter$xmldocumenttemplateid', 
'excelimporter$templateid', 
'idx_excelimporter$xmldocumenttemplate_template_excelimporter$template_excelimporter$xmldocumenttemplate');
INSERT INTO "mendixsystem$unique_constraint" ("name", 
"table_id", 
"column_id")
 VALUES ('uniq_excelimporter$xmldocumenttemplate_template_excelimporter$xmldocumenttemplateid', 
'4e9b0166-1944-46a4-b91f-7f69a4975d3f', 
'08015cdd-0e59-3273-9e62-a1f570f7b7f4');
CREATE TABLE "excelimporter$template" (
	"id" BIGINT NOT NULL,
	"nr" BIGINT NULL,
	"title" VARCHAR_IGNORECASE(50) NULL,
	"description" VARCHAR_IGNORECASE(2147483647) NULL,
	"sheetindex" INT NULL,
	"headerrownumber" INT NULL,
	"firstdatarownumber" INT NULL,
	"status" VARCHAR_IGNORECASE(7) NULL,
	"importaction" VARCHAR_IGNORECASE(23) NULL,
	"templatetype" VARCHAR_IGNORECASE(6) NULL,
	"createddate" TIMESTAMP NULL,
	"changeddate" TIMESTAMP NULL,
	"system$changedby" BIGINT NULL,
	"system$owner" BIGINT NULL,
	PRIMARY KEY("id"));
CREATE SEQUENCE "excelimporter$template_nr_mxseq" AS BIGINT START WITH 1;
CREATE INDEX "idx_excelimporter$template_system$changedby" ON "excelimporter$template" ("system$changedby" ASC,"id" ASC);
CREATE INDEX "idx_excelimporter$template_system$owner" ON "excelimporter$template" ("system$owner" ASC,"id" ASC);
INSERT INTO "mendixsystem$entity" ("id", 
"entity_name", 
"table_name", 
"remote", 
"remote_primary_key")
 VALUES ('ebea215e-7447-40b0-a590-9a2a915cac4e', 
'ExcelImporter.Template', 
'excelimporter$template', 
false, 
false);
INSERT INTO "mendixsystem$attribute" ("id", 
"entity_id", 
"attribute_name", 
"column_name", 
"type", 
"length", 
"default_value", 
"is_auto_number")
 VALUES ('d4ed56e5-8572-4125-a32a-05a21142827f', 
'ebea215e-7447-40b0-a590-9a2a915cac4e', 
'Nr', 
'nr', 
0, 
0, 
'1', 
true);
INSERT INTO "mendixsystem$sequence" ("attribute_id", 
"name", 
"start_value", 
"current_value")
 VALUES ('d4ed56e5-8572-4125-a32a-05a21142827f', 
'excelimporter$template_nr_mxseq', 
1, 
0);
INSERT INTO "mendixsystem$attribute" ("id", 
"entity_id", 
"attribute_name", 
"column_name", 
"type", 
"length", 
"default_value", 
"is_auto_number")
 VALUES ('a1f28d12-fa11-46d6-8622-89c88475640c', 
'ebea215e-7447-40b0-a590-9a2a915cac4e', 
'Title', 
'title', 
30, 
50, 
'', 
false);
INSERT INTO "mendixsystem$attribute" ("id", 
"entity_id", 
"attribute_name", 
"column_name", 
"type", 
"length", 
"default_value", 
"is_auto_number")
 VALUES ('a5e9f41f-d417-487e-b537-25cc8a639356', 
'ebea215e-7447-40b0-a590-9a2a915cac4e', 
'Description', 
'description', 
30, 
0, 
'', 
false);
INSERT INTO "mendixsystem$attribute" ("id", 
"entity_id", 
"attribute_name", 
"column_name", 
"type", 
"length", 
"default_value", 
"is_auto_number")
 VALUES ('af207504-0331-4102-8ee4-13dac2890c8f', 
'ebea215e-7447-40b0-a590-9a2a915cac4e', 
'SheetIndex', 
'sheetindex', 
3, 
0, 
'1', 
false);
INSERT INTO "mendixsystem$attribute" ("id", 
"entity_id", 
"attribute_name", 
"column_name", 
"type", 
"length", 
"default_value", 
"is_auto_number")
 VALUES ('2356ee75-eceb-4229-9c5f-ad702e7b1d7e', 
'ebea215e-7447-40b0-a590-9a2a915cac4e', 
'HeaderRowNumber', 
'headerrownumber', 
3, 
0, 
'1', 
false);
INSERT INTO "mendixsystem$attribute" ("id", 
"entity_id", 
"attribute_name", 
"column_name", 
"type", 
"length", 
"default_value", 
"is_auto_number")
 VALUES ('cb085748-b755-4d3d-805c-901d1346a63e', 
'ebea215e-7447-40b0-a590-9a2a915cac4e', 
'FirstDataRowNumber', 
'firstdatarownumber', 
3, 
0, 
'2', 
false);
INSERT INTO "mendixsystem$attribute" ("id", 
"entity_id", 
"attribute_name", 
"column_name", 
"type", 
"length", 
"default_value", 
"is_auto_number")
 VALUES ('10e7631f-b95a-478d-ba6a-00d8e5121208', 
'ebea215e-7447-40b0-a590-9a2a915cac4e', 
'Status', 
'status', 
40, 
7, 
'INFO', 
false);
INSERT INTO "mendixsystem$attribute" ("id", 
"entity_id", 
"attribute_name", 
"column_name", 
"type", 
"length", 
"default_value", 
"is_auto_number")
 VALUES ('b974ac86-aa8a-4188-9bcc-b4ae3d4584c9', 
'ebea215e-7447-40b0-a590-9a2a915cac4e', 
'ImportAction', 
'importaction', 
40, 
23, 
'SynchronizeObjects', 
false);
INSERT INTO "mendixsystem$attribute" ("id", 
"entity_id", 
"attribute_name", 
"column_name", 
"type", 
"length", 
"default_value", 
"is_auto_number")
 VALUES ('3d408ab1-33af-4c0f-bdf2-b53260ac736e', 
'ebea215e-7447-40b0-a590-9a2a915cac4e', 
'TemplateType', 
'templatetype', 
40, 
6, 
'Normal', 
false);
INSERT INTO "mendixsystem$attribute" ("id", 
"entity_id", 
"attribute_name", 
"column_name", 
"type", 
"length", 
"default_value", 
"is_auto_number")
 VALUES ('0ea7de62-fb47-37f5-81b2-b77fbeb67f74', 
'ebea215e-7447-40b0-a590-9a2a915cac4e', 
'createdDate', 
'createddate', 
20, 
0, 
'', 
false);
INSERT INTO "mendixsystem$attribute" ("id", 
"entity_id", 
"attribute_name", 
"column_name", 
"type", 
"length", 
"default_value", 
"is_auto_number")
 VALUES ('67ce7c4e-9945-336d-bb7d-5d23e53a694d', 
'ebea215e-7447-40b0-a590-9a2a915cac4e', 
'changedDate', 
'changeddate', 
20, 
0, 
'', 
false);
INSERT INTO "mendixsystem$index" ("id", 
"table_id", 
"index_name")
 VALUES ('ef1dc7c9-1077-31d3-b2a0-b1e7a6b6aef0', 
'ebea215e-7447-40b0-a590-9a2a915cac4e', 
'idx_excelimporter$template_system$changedby');
INSERT INTO "mendixsystem$index_column" ("index_id", 
"column_id", 
"sort_order", 
"ordinal")
 VALUES ('ef1dc7c9-1077-31d3-b2a0-b1e7a6b6aef0', 
'6aec7726-a713-3133-b9cc-f21f9b5f75f0', 
false, 
0);
INSERT INTO "mendixsystem$index" ("id", 
"table_id", 
"index_name")
 VALUES ('db3836fd-5bb0-32bd-8112-10701b6e07b4', 
'ebea215e-7447-40b0-a590-9a2a915cac4e', 
'idx_excelimporter$template_system$owner');
INSERT INTO "mendixsystem$index_column" ("index_id", 
"column_id", 
"sort_order", 
"ordinal")
 VALUES ('db3836fd-5bb0-32bd-8112-10701b6e07b4', 
'be60d0fc-4fc9-3be4-a8dd-8d4e9b06c80e', 
false, 
0);
INSERT INTO "mendixsystem$association" ("id", 
"association_name", 
"table_name", 
"parent_entity_id", 
"child_entity_id", 
"parent_column_name", 
"child_column_name")
 VALUES ('6aec7726-a713-3133-b9cc-f21f9b5f75f0', 
'System.changedBy', 
'system$changedby', 
'ebea215e-7447-40b0-a590-9a2a915cac4e', 
'282e2e60-88a5-469d-84a5-ba8d9151644f', 
'id', 
'system$changedby');
INSERT INTO "mendixsystem$association" ("id", 
"association_name", 
"table_name", 
"parent_entity_id", 
"child_entity_id", 
"parent_column_name", 
"child_column_name")
 VALUES ('be60d0fc-4fc9-3be4-a8dd-8d4e9b06c80e', 
'System.owner', 
'system$owner', 
'ebea215e-7447-40b0-a590-9a2a915cac4e', 
'282e2e60-88a5-469d-84a5-ba8d9151644f', 
'id', 
'system$owner');
CREATE TABLE "excelimporter$template_mxobjectreference_parentassociation" (
	"excelimporter$templateid" BIGINT NOT NULL,
	"mxmodelreflection$mxobjectreferenceid" BIGINT NOT NULL,
	PRIMARY KEY("excelimporter$templateid","mxmodelreflection$mxobjectreferenceid"),
	CONSTRAINT "uniq_excelimporter$template_mxobjectreference_parentassociation_excelimporter$templateid" UNIQUE ("excelimporter$templateid"));
CREATE INDEX "idx_excelimporter$template_mxobjectreference_parentassociation_mxmodelreflection$mxobjectreference_excelimporter$template" ON "excelimporter$template_mxobjectreference_parentassociation" ("mxmodelreflection$mxobjectreferenceid" ASC,"excelimporter$templateid" ASC);
INSERT INTO "mendixsystem$association" ("id", 
"association_name", 
"table_name", 
"parent_entity_id", 
"child_entity_id", 
"parent_column_name", 
"child_column_name", 
"index_name")
 VALUES ('25a89413-e6a4-45d3-b3cf-489eecaaae89', 
'ExcelImporter.Template_MxObjectReference_ParentAssociation', 
'excelimporter$template_mxobjectreference_parentassociation', 
'ebea215e-7447-40b0-a590-9a2a915cac4e', 
'a005c319-d760-4673-bbb3-14e57e66ffb0', 
'excelimporter$templateid', 
'mxmodelreflection$mxobjectreferenceid', 
'idx_excelimporter$template_mxobjectreference_parentassociation_mxmodelreflection$mxobjectreference_excelimporter$template');
INSERT INTO "mendixsystem$unique_constraint" ("name", 
"table_id", 
"column_id")
 VALUES ('uniq_excelimporter$template_mxobjectreference_parentassociation_excelimporter$templateid', 
'25a89413-e6a4-45d3-b3cf-489eecaaae89', 
'd1766a4c-b9f7-3479-89bd-a16117e29eb4');
CREATE TABLE "excelimporter$template_additionalproperties" (
	"excelimporter$templateid" BIGINT NOT NULL,
	"excelimporter$additionalpropertiesid" BIGINT NOT NULL,
	PRIMARY KEY("excelimporter$templateid","excelimporter$additionalpropertiesid"),
	CONSTRAINT "uniq_excelimporter$template_additionalproperties_excelimporter$additionalpropertiesid" UNIQUE ("excelimporter$additionalpropertiesid"),
	CONSTRAINT "uniq_excelimporter$template_additionalproperties_excelimporter$templateid" UNIQUE ("excelimporter$templateid"));
CREATE INDEX "idx_excelimporter$template_additionalproperties_excelimporter$additionalproperties_excelimporter$template" ON "excelimporter$template_additionalproperties" ("excelimporter$additionalpropertiesid" ASC,"excelimporter$templateid" ASC);
INSERT INTO "mendixsystem$association" ("id", 
"association_name", 
"table_name", 
"parent_entity_id", 
"child_entity_id", 
"parent_column_name", 
"child_column_name", 
"index_name")
 VALUES ('1ad53994-66cc-4701-b1e3-9a09ded804a5', 
'ExcelImporter.Template_AdditionalProperties', 
'excelimporter$template_additionalproperties', 
'ebea215e-7447-40b0-a590-9a2a915cac4e', 
'd528deb2-7947-40a3-8e18-3e62abfb673a', 
'excelimporter$templateid', 
'excelimporter$additionalpropertiesid', 
'idx_excelimporter$template_additionalproperties_excelimporter$additionalproperties_excelimporter$template');
INSERT INTO "mendixsystem$unique_constraint" ("name", 
"table_id", 
"column_id")
 VALUES ('uniq_excelimporter$template_additionalproperties_excelimporter$additionalpropertiesid', 
'1ad53994-66cc-4701-b1e3-9a09ded804a5', 
'767e191d-4659-38f2-a11a-6690e56cea00');
INSERT INTO "mendixsystem$unique_constraint" ("name", 
"table_id", 
"column_id")
 VALUES ('uniq_excelimporter$template_additionalproperties_excelimporter$templateid', 
'1ad53994-66cc-4701-b1e3-9a09ded804a5', 
'0a58946b-469d-31ab-95a4-dbdf11210833');
CREATE TABLE "excelimporter$template_mastertemplate" (
	"excelimporter$templateid1" BIGINT NOT NULL,
	"excelimporter$templateid2" BIGINT NOT NULL,
	PRIMARY KEY("excelimporter$templateid1","excelimporter$templateid2"),
	CONSTRAINT "uniq_excelimporter$template_mastertemplate_excelimporter$templateid1" UNIQUE ("excelimporter$templateid1"));
CREATE INDEX "idx_excelimporter$template_mastertemplate_excelimporter$template_excelimporter$template" ON "excelimporter$template_mastertemplate" ("excelimporter$templateid2" ASC,"excelimporter$templateid1" ASC);
INSERT INTO "mendixsystem$association" ("id", 
"association_name", 
"table_name", 
"parent_entity_id", 
"child_entity_id", 
"parent_column_name", 
"child_column_name", 
"index_name")
 VALUES ('adeae135-77eb-42fc-b74e-2a23edbebf20', 
'ExcelImporter.Template_MasterTemplate', 
'excelimporter$template_mastertemplate', 
'ebea215e-7447-40b0-a590-9a2a915cac4e', 
'ebea215e-7447-40b0-a590-9a2a915cac4e', 
'excelimporter$templateid1', 
'excelimporter$templateid2', 
'idx_excelimporter$template_mastertemplate_excelimporter$template_excelimporter$template');
INSERT INTO "mendixsystem$unique_constraint" ("name", 
"table_id", 
"column_id")
 VALUES ('uniq_excelimporter$template_mastertemplate_excelimporter$templateid1', 
'adeae135-77eb-42fc-b74e-2a23edbebf20', 
'f2f2cd3e-404e-3768-91da-8a837b5ad642');
CREATE TABLE "excelimporter$template_mxobjecttype" (
	"excelimporter$templateid" BIGINT NOT NULL,
	"mxmodelreflection$mxobjecttypeid" BIGINT NOT NULL,
	PRIMARY KEY("excelimporter$templateid","mxmodelreflection$mxobjecttypeid"),
	CONSTRAINT "uniq_excelimporter$template_mxobjecttype_excelimporter$templateid" UNIQUE ("excelimporter$templateid"));
CREATE INDEX "idx_excelimporter$template_mxobjecttype_mxmodelreflection$mxobjecttype_excelimporter$template" ON "excelimporter$template_mxobjecttype" ("mxmodelreflection$mxobjecttypeid" ASC,"excelimporter$templateid" ASC);
INSERT INTO "mendixsystem$association" ("id", 
"association_name", 
"table_name", 
"parent_entity_id", 
"child_entity_id", 
"parent_column_name", 
"child_column_name", 
"index_name")
 VALUES ('50047c92-0cbf-4257-982b-7a6c5f2c2b50', 
'ExcelImporter.Template_MxObjectType', 
'excelimporter$template_mxobjecttype', 
'ebea215e-7447-40b0-a590-9a2a915cac4e', 
'31627a0d-5a4a-44bf-8975-425ea835654a', 
'excelimporter$templateid', 
'mxmodelreflection$mxobjecttypeid', 
'idx_excelimporter$template_mxobjecttype_mxmodelreflection$mxobjecttype_excelimporter$template');
INSERT INTO "mendixsystem$unique_constraint" ("name", 
"table_id", 
"column_id")
 VALUES ('uniq_excelimporter$template_mxobjecttype_excelimporter$templateid', 
'50047c92-0cbf-4257-982b-7a6c5f2c2b50', 
'f7116e6b-679b-3f85-9261-67a3986f8eaa');
CREATE TABLE "xlsreport$mxstatic" (
	"id" BIGINT NOT NULL,
	"columnplace" INT NULL,
	"rowplace" INT NULL,
	"statictype" VARCHAR_IGNORECASE(12) NULL,
	"aggregatefunction" VARCHAR_IGNORECASE(7) NULL,
	PRIMARY KEY("id"));
INSERT INTO "mendixsystem$entity" ("id", 
"entity_name", 
"table_name", 
"superentity_id", 
"remote", 
"remote_primary_key")
 VALUES ('316d0816-d873-48aa-911b-55ed2ee824a7', 
'XLSReport.MxStatic', 
'xlsreport$mxstatic', 
'0407eec5-10d5-445a-83a0-461f5c800327', 
false, 
false);
INSERT INTO "mendixsystem$attribute" ("id", 
"entity_id", 
"attribute_name", 
"column_name", 
"type", 
"length", 
"default_value", 
"is_auto_number")
 VALUES ('8e40289b-3da7-45c7-8005-c92e42747b0c', 
'316d0816-d873-48aa-911b-55ed2ee824a7', 
'ColumnPlace', 
'columnplace', 
3, 
0, 
'0', 
false);
INSERT INTO "mendixsystem$attribute" ("id", 
"entity_id", 
"attribute_name", 
"column_name", 
"type", 
"length", 
"default_value", 
"is_auto_number")
 VALUES ('21fde384-27e6-485c-8bef-ff90e080b303', 
'316d0816-d873-48aa-911b-55ed2ee824a7', 
'RowPlace', 
'rowplace', 
3, 
0, 
'0', 
false);
INSERT INTO "mendixsystem$attribute" ("id", 
"entity_id", 
"attribute_name", 
"column_name", 
"type", 
"length", 
"default_value", 
"is_auto_number")
 VALUES ('46f2d7ce-15dd-49ad-8c69-fca72b269842', 
'316d0816-d873-48aa-911b-55ed2ee824a7', 
'StaticType', 
'statictype', 
40, 
12, 
'', 
false);
INSERT INTO "mendixsystem$attribute" ("id", 
"entity_id", 
"attribute_name", 
"column_name", 
"type", 
"length", 
"default_value", 
"is_auto_number")
 VALUES ('791ea828-74c9-4038-ac2b-a2afb88eead0', 
'316d0816-d873-48aa-911b-55ed2ee824a7', 
'AggregateFunction', 
'aggregatefunction', 
40, 
7, 
'', 
false);
CREATE TABLE "xlsreport$mxstatic_mxcolumn" (
	"xlsreport$mxstaticid" BIGINT NOT NULL,
	"xlsreport$mxcolumnid" BIGINT NOT NULL,
	PRIMARY KEY("xlsreport$mxstaticid","xlsreport$mxcolumnid"),
	CONSTRAINT "uniq_xlsreport$mxstatic_mxcolumn_xlsreport$mxstaticid" UNIQUE ("xlsreport$mxstaticid"));
CREATE INDEX "idx_xlsreport$mxstatic_mxcolumn_xlsreport$mxcolumn_xlsreport$mxstatic" ON "xlsreport$mxstatic_mxcolumn" ("xlsreport$mxcolumnid" ASC,"xlsreport$mxstaticid" ASC);
INSERT INTO "mendixsystem$association" ("id", 
"association_name", 
"table_name", 
"parent_entity_id", 
"child_entity_id", 
"parent_column_name", 
"child_column_name", 
"index_name")
 VALUES ('098adba9-85cd-4bb4-8523-0963307a73ec', 
'XLSReport.MxStatic_MxColumn', 
'xlsreport$mxstatic_mxcolumn', 
'316d0816-d873-48aa-911b-55ed2ee824a7', 
'4562c188-0272-45ff-9ed4-a219928b6d7d', 
'xlsreport$mxstaticid', 
'xlsreport$mxcolumnid', 
'idx_xlsreport$mxstatic_mxcolumn_xlsreport$mxcolumn_xlsreport$mxstatic');
INSERT INTO "mendixsystem$unique_constraint" ("name", 
"table_id", 
"column_id")
 VALUES ('uniq_xlsreport$mxstatic_mxcolumn_xlsreport$mxstaticid', 
'098adba9-85cd-4bb4-8523-0963307a73ec', 
'fac9195b-4105-3908-b39b-78a0138aaa23');
CREATE TABLE "xlsreport$mxstatic_mxobjectmember" (
	"xlsreport$mxstaticid" BIGINT NOT NULL,
	"mxmodelreflection$mxobjectmemberid" BIGINT NOT NULL,
	PRIMARY KEY("xlsreport$mxstaticid","mxmodelreflection$mxobjectmemberid"),
	CONSTRAINT "uniq_xlsreport$mxstatic_mxobjectmember_xlsreport$mxstaticid" UNIQUE ("xlsreport$mxstaticid"));
CREATE INDEX "idx_xlsreport$mxstatic_mxobjectmember_mxmodelreflection$mxobjectmember_xlsreport$mxstatic" ON "xlsreport$mxstatic_mxobjectmember" ("mxmodelreflection$mxobjectmemberid" ASC,"xlsreport$mxstaticid" ASC);
INSERT INTO "mendixsystem$association" ("id", 
"association_name", 
"table_name", 
"parent_entity_id", 
"child_entity_id", 
"parent_column_name", 
"child_column_name", 
"index_name")
 VALUES ('3efdf7a7-4963-432c-8d63-668132a2b510', 
'XLSReport.MxStatic_MxObjectMember', 
'xlsreport$mxstatic_mxobjectmember', 
'316d0816-d873-48aa-911b-55ed2ee824a7', 
'6a703889-0124-418c-9b2b-d770cbe1faf8', 
'xlsreport$mxstaticid', 
'mxmodelreflection$mxobjectmemberid', 
'idx_xlsreport$mxstatic_mxobjectmember_mxmodelreflection$mxobjectmember_xlsreport$mxstatic');
INSERT INTO "mendixsystem$unique_constraint" ("name", 
"table_id", 
"column_id")
 VALUES ('uniq_xlsreport$mxstatic_mxobjectmember_xlsreport$mxstaticid', 
'3efdf7a7-4963-432c-8d63-668132a2b510', 
'41f97ca5-688c-3318-ba22-0426a6785ecb');
CREATE TABLE "excelimporter$referencehandling" (
	"id" BIGINT NOT NULL,
	"handling" VARCHAR_IGNORECASE(20) NULL,
	"datahandling" VARCHAR_IGNORECASE(9) NULL,
	"printnotfoundmessages" BOOLEAN NULL,
	"commitunchangedobjects" BOOLEAN NULL,
	"ignoreemptykeys" BOOLEAN NULL,
	"createddate" TIMESTAMP NULL,
	"changeddate" TIMESTAMP NULL,
	"system$owner" BIGINT NULL,
	"system$changedby" BIGINT NULL,
	PRIMARY KEY("id"));
CREATE INDEX "idx_excelimporter$referencehandling_system$owner" ON "excelimporter$referencehandling" ("system$owner" ASC,"id" ASC);
CREATE INDEX "idx_excelimporter$referencehandling_system$changedby" ON "excelimporter$referencehandling" ("system$changedby" ASC,"id" ASC);
INSERT INTO "mendixsystem$entity" ("id", 
"entity_name", 
"table_name", 
"remote", 
"remote_primary_key")
 VALUES ('2b72796f-cc10-41fe-b1ba-84299fac6385', 
'ExcelImporter.ReferenceHandling', 
'excelimporter$referencehandling', 
false, 
false);
INSERT INTO "mendixsystem$attribute" ("id", 
"entity_id", 
"attribute_name", 
"column_name", 
"type", 
"length", 
"default_value", 
"is_auto_number")
 VALUES ('0446c50f-e4e4-4d68-929f-d92599027ece', 
'2b72796f-cc10-41fe-b1ba-84299fac6385', 
'Handling', 
'handling', 
40, 
20, 
'FindCreate', 
false);
INSERT INTO "mendixsystem$attribute" ("id", 
"entity_id", 
"attribute_name", 
"column_name", 
"type", 
"length", 
"default_value", 
"is_auto_number")
 VALUES ('3f13486d-7f1b-46e9-bea9-196e157a1bd0', 
'2b72796f-cc10-41fe-b1ba-84299fac6385', 
'DataHandling', 
'datahandling', 
40, 
9, 
'Overwrite', 
false);
INSERT INTO "mendixsystem$attribute" ("id", 
"entity_id", 
"attribute_name", 
"column_name", 
"type", 
"length", 
"default_value", 
"is_auto_number")
 VALUES ('608954df-114c-4b12-87e7-fbfacee0aa6d', 
'2b72796f-cc10-41fe-b1ba-84299fac6385', 
'PrintNotFoundMessages', 
'printnotfoundmessages', 
10, 
0, 
'false', 
false);
INSERT INTO "mendixsystem$attribute" ("id", 
"entity_id", 
"attribute_name", 
"column_name", 
"type", 
"length", 
"default_value", 
"is_auto_number")
 VALUES ('8871303f-8ff1-452a-b956-79916b2c5016', 
'2b72796f-cc10-41fe-b1ba-84299fac6385', 
'CommitUnchangedObjects', 
'commitunchangedobjects', 
10, 
0, 
'true', 
false);
INSERT INTO "mendixsystem$attribute" ("id", 
"entity_id", 
"attribute_name", 
"column_name", 
"type", 
"length", 
"default_value", 
"is_auto_number")
 VALUES ('32e886d2-5354-40de-a7ad-6403856e8f58', 
'2b72796f-cc10-41fe-b1ba-84299fac6385', 
'IgnoreEmptyKeys', 
'ignoreemptykeys', 
10, 
0, 
'true', 
false);
INSERT INTO "mendixsystem$attribute" ("id", 
"entity_id", 
"attribute_name", 
"column_name", 
"type", 
"length", 
"default_value", 
"is_auto_number")
 VALUES ('82c39dcd-2b1b-35b4-828d-1ca122980dba', 
'2b72796f-cc10-41fe-b1ba-84299fac6385', 
'createdDate', 
'createddate', 
20, 
0, 
'', 
false);
INSERT INTO "mendixsystem$attribute" ("id", 
"entity_id", 
"attribute_name", 
"column_name", 
"type", 
"length", 
"default_value", 
"is_auto_number")
 VALUES ('d52a9a5d-49ba-32d3-8d18-90813c5b7fb6', 
'2b72796f-cc10-41fe-b1ba-84299fac6385', 
'changedDate', 
'changeddate', 
20, 
0, 
'', 
false);
INSERT INTO "mendixsystem$index" ("id", 
"table_id", 
"index_name")
 VALUES ('7174b2e5-3fbc-3c99-8ef3-a0f0b4dd0833', 
'2b72796f-cc10-41fe-b1ba-84299fac6385', 
'idx_excelimporter$referencehandling_system$owner');
INSERT INTO "mendixsystem$index_column" ("index_id", 
"column_id", 
"sort_order", 
"ordinal")
 VALUES ('7174b2e5-3fbc-3c99-8ef3-a0f0b4dd0833', 
'd3176fff-f176-3010-bfd6-857a9620b9a9', 
false, 
0);
INSERT INTO "mendixsystem$index" ("id", 
"table_id", 
"index_name")
 VALUES ('dc5ef9e2-aecb-3d9c-9704-a4415e34f10c', 
'2b72796f-cc10-41fe-b1ba-84299fac6385', 
'idx_excelimporter$referencehandling_system$changedby');
INSERT INTO "mendixsystem$index_column" ("index_id", 
"column_id", 
"sort_order", 
"ordinal")
 VALUES ('dc5ef9e2-aecb-3d9c-9704-a4415e34f10c', 
'c3f4a90a-27da-3111-9e1f-bd218bcc47ac', 
false, 
0);
INSERT INTO "mendixsystem$association" ("id", 
"association_name", 
"table_name", 
"parent_entity_id", 
"child_entity_id", 
"parent_column_name", 
"child_column_name")
 VALUES ('d3176fff-f176-3010-bfd6-857a9620b9a9', 
'System.owner', 
'system$owner', 
'2b72796f-cc10-41fe-b1ba-84299fac6385', 
'282e2e60-88a5-469d-84a5-ba8d9151644f', 
'id', 
'system$owner');
INSERT INTO "mendixsystem$association" ("id", 
"association_name", 
"table_name", 
"parent_entity_id", 
"child_entity_id", 
"parent_column_name", 
"child_column_name")
 VALUES ('c3f4a90a-27da-3111-9e1f-bd218bcc47ac', 
'System.changedBy', 
'system$changedby', 
'2b72796f-cc10-41fe-b1ba-84299fac6385', 
'282e2e60-88a5-469d-84a5-ba8d9151644f', 
'id', 
'system$changedby');
CREATE TABLE "excelimporter$referencehandling_mxobjectreference" (
	"excelimporter$referencehandlingid" BIGINT NOT NULL,
	"mxmodelreflection$mxobjectreferenceid" BIGINT NOT NULL,
	PRIMARY KEY("excelimporter$referencehandlingid","mxmodelreflection$mxobjectreferenceid"),
	CONSTRAINT "uniq_excelimporter$referencehandling_mxobjectreference_excelimporter$referencehandlingid" UNIQUE ("excelimporter$referencehandlingid"));
CREATE INDEX "idx_excelimporter$referencehandling_mxobjectreference_mxmodelreflection$mxobjectreference_excelimporter$referencehandling" ON "excelimporter$referencehandling_mxobjectreference" ("mxmodelreflection$mxobjectreferenceid" ASC,"excelimporter$referencehandlingid" ASC);
INSERT INTO "mendixsystem$association" ("id", 
"association_name", 
"table_name", 
"parent_entity_id", 
"child_entity_id", 
"parent_column_name", 
"child_column_name", 
"index_name")
 VALUES ('99795bfe-c160-4a34-944b-24a182a8f193', 
'ExcelImporter.ReferenceHandling_MxObjectReference', 
'excelimporter$referencehandling_mxobjectreference', 
'2b72796f-cc10-41fe-b1ba-84299fac6385', 
'a005c319-d760-4673-bbb3-14e57e66ffb0', 
'excelimporter$referencehandlingid', 
'mxmodelreflection$mxobjectreferenceid', 
'idx_excelimporter$referencehandling_mxobjectreference_mxmodelreflection$mxobjectreference_excelimporter$referencehandling');
INSERT INTO "mendixsystem$unique_constraint" ("name", 
"table_id", 
"column_id")
 VALUES ('uniq_excelimporter$referencehandling_mxobjectreference_excelimporter$referencehandlingid', 
'99795bfe-c160-4a34-944b-24a182a8f193', 
'dcd22e5c-b1b7-300a-948b-c24a563a9789');
CREATE TABLE "excelimporter$referencehandling_template" (
	"excelimporter$referencehandlingid" BIGINT NOT NULL,
	"excelimporter$templateid" BIGINT NOT NULL,
	PRIMARY KEY("excelimporter$referencehandlingid","excelimporter$templateid"),
	CONSTRAINT "uniq_excelimporter$referencehandling_template_excelimporter$referencehandlingid" UNIQUE ("excelimporter$referencehandlingid"));
CREATE INDEX "idx_excelimporter$referencehandling_template_excelimporter$template_excelimporter$referencehandling" ON "excelimporter$referencehandling_template" ("excelimporter$templateid" ASC,"excelimporter$referencehandlingid" ASC);
INSERT INTO "mendixsystem$association" ("id", 
"association_name", 
"table_name", 
"parent_entity_id", 
"child_entity_id", 
"parent_column_name", 
"child_column_name", 
"index_name")
 VALUES ('67ed42a1-3445-482d-90e8-90b2b809f844', 
'ExcelImporter.ReferenceHandling_Template', 
'excelimporter$referencehandling_template', 
'2b72796f-cc10-41fe-b1ba-84299fac6385', 
'ebea215e-7447-40b0-a590-9a2a915cac4e', 
'excelimporter$referencehandlingid', 
'excelimporter$templateid', 
'idx_excelimporter$referencehandling_template_excelimporter$template_excelimporter$referencehandling');
INSERT INTO "mendixsystem$unique_constraint" ("name", 
"table_id", 
"column_id")
 VALUES ('uniq_excelimporter$referencehandling_template_excelimporter$referencehandlingid', 
'67ed42a1-3445-482d-90e8-90b2b809f844', 
'846dcf9c-08b2-38c2-942a-48615a262999');
CREATE TABLE "rencar$contractsearch" (
	"id" BIGINT NOT NULL,
	"startdate" TIMESTAMP NULL,
	"enddate" TIMESTAMP NULL,
	"system$owner" BIGINT NULL,
	PRIMARY KEY("id"));
CREATE INDEX "idx_rencar$contractsearch_system$owner" ON "rencar$contractsearch" ("system$owner" ASC,"id" ASC);
INSERT INTO "mendixsystem$entity" ("id", 
"entity_name", 
"table_name", 
"remote", 
"remote_primary_key")
 VALUES ('91ac989e-d3df-4e99-b7da-dc5e338769f8', 
'Rencar.ContractSearch', 
'rencar$contractsearch', 
false, 
false);
INSERT INTO "mendixsystem$attribute" ("id", 
"entity_id", 
"attribute_name", 
"column_name", 
"type", 
"length", 
"default_value", 
"is_auto_number")
 VALUES ('f876834a-107b-47d3-bbea-88f3e2d12287', 
'91ac989e-d3df-4e99-b7da-dc5e338769f8', 
'StartDate', 
'startdate', 
20, 
0, 
'', 
false);
INSERT INTO "mendixsystem$attribute" ("id", 
"entity_id", 
"attribute_name", 
"column_name", 
"type", 
"length", 
"default_value", 
"is_auto_number")
 VALUES ('4fde67fb-3cf4-4a27-b1ee-017cddc86054', 
'91ac989e-d3df-4e99-b7da-dc5e338769f8', 
'EndDate', 
'enddate', 
20, 
0, 
'', 
false);
INSERT INTO "mendixsystem$index" ("id", 
"table_id", 
"index_name")
 VALUES ('0aa87597-34ab-31d7-ab2b-8859a8976f7f', 
'91ac989e-d3df-4e99-b7da-dc5e338769f8', 
'idx_rencar$contractsearch_system$owner');
INSERT INTO "mendixsystem$index_column" ("index_id", 
"column_id", 
"sort_order", 
"ordinal")
 VALUES ('0aa87597-34ab-31d7-ab2b-8859a8976f7f', 
'3d26b7e8-7ed5-3189-976b-41534cd170cd', 
false, 
0);
INSERT INTO "mendixsystem$association" ("id", 
"association_name", 
"table_name", 
"parent_entity_id", 
"child_entity_id", 
"parent_column_name", 
"child_column_name")
 VALUES ('3d26b7e8-7ed5-3189-976b-41534cd170cd', 
'System.owner', 
'system$owner', 
'91ac989e-d3df-4e99-b7da-dc5e338769f8', 
'282e2e60-88a5-469d-84a5-ba8d9151644f', 
'id', 
'system$owner');
UPDATE "mendixsystem$version"
 SET "versionnumber" = '4.2', 
"lastsyncdate" = '20230103 22:37:02';
