CREATE TABLE "email_connector$outgoingemailconfiguration" (
	"id" BIGINT NOT NULL,
	"outgoingprotocol" VARCHAR_IGNORECASE(4) NULL,
	"ssl" BOOLEAN NULL,
	"tls" BOOLEAN NULL,
	"sendmaxattempts" INT NULL,
	"serverhost" VARCHAR_IGNORECASE(200) NULL,
	"serverport" INT NULL,
	"createddate" TIMESTAMP NULL,
	"changeddate" TIMESTAMP NULL,
	"system$owner" BIGINT NULL,
	"system$changedby" BIGINT NULL,
	PRIMARY KEY("id"));
CREATE INDEX "idx_email_connector$outgoingemailconfiguration_system$owner" ON "email_connector$outgoingemailconfiguration" ("system$owner" ASC,"id" ASC);
CREATE INDEX "idx_email_connector$outgoingemailconfiguration_system$changedby" ON "email_connector$outgoingemailconfiguration" ("system$changedby" ASC,"id" ASC);
INSERT INTO "mendixsystem$entity" ("id", 
"entity_name", 
"table_name", 
"remote", 
"remote_primary_key")
 VALUES ('7d6f962a-57bd-4cac-b58d-cdc9c6ff2567', 
'Email_Connector.OutgoingEmailConfiguration', 
'email_connector$outgoingemailconfiguration', 
false, 
false);
INSERT INTO "mendixsystem$attribute" ("id", 
"entity_id", 
"attribute_name", 
"column_name", 
"type", 
"length", 
"default_value", 
"is_auto_number")
 VALUES ('1e0d2e1f-317d-4734-9012-ef2d18eb18cb', 
'7d6f962a-57bd-4cac-b58d-cdc9c6ff2567', 
'OutgoingProtocol', 
'outgoingprotocol', 
40, 
4, 
'', 
false);
INSERT INTO "mendixsystem$attribute" ("id", 
"entity_id", 
"attribute_name", 
"column_name", 
"type", 
"length", 
"default_value", 
"is_auto_number")
 VALUES ('20c92e9c-fd46-40b0-bf60-b77f806c6b38', 
'7d6f962a-57bd-4cac-b58d-cdc9c6ff2567', 
'SSL', 
'ssl', 
10, 
0, 
'false', 
false);
INSERT INTO "mendixsystem$attribute" ("id", 
"entity_id", 
"attribute_name", 
"column_name", 
"type", 
"length", 
"default_value", 
"is_auto_number")
 VALUES ('fb29e7f0-ce4b-4213-b7c7-7ac7ee0aa315', 
'7d6f962a-57bd-4cac-b58d-cdc9c6ff2567', 
'TLS', 
'tls', 
10, 
0, 
'false', 
false);
INSERT INTO "mendixsystem$attribute" ("id", 
"entity_id", 
"attribute_name", 
"column_name", 
"type", 
"length", 
"default_value", 
"is_auto_number")
 VALUES ('18c9a10b-96f3-4d6c-979c-0a75e8e26c42', 
'7d6f962a-57bd-4cac-b58d-cdc9c6ff2567', 
'SendMaxAttempts', 
'sendmaxattempts', 
3, 
0, 
'0', 
false);
INSERT INTO "mendixsystem$attribute" ("id", 
"entity_id", 
"attribute_name", 
"column_name", 
"type", 
"length", 
"default_value", 
"is_auto_number")
 VALUES ('c39ce830-65a6-448a-bc30-06fd19d7f5f8', 
'7d6f962a-57bd-4cac-b58d-cdc9c6ff2567', 
'ServerHost', 
'serverhost', 
30, 
200, 
'', 
false);
INSERT INTO "mendixsystem$attribute" ("id", 
"entity_id", 
"attribute_name", 
"column_name", 
"type", 
"length", 
"default_value", 
"is_auto_number")
 VALUES ('0d0d6084-1b54-4468-b855-f562ddcba151', 
'7d6f962a-57bd-4cac-b58d-cdc9c6ff2567', 
'ServerPort', 
'serverport', 
3, 
0, 
'0', 
false);
INSERT INTO "mendixsystem$attribute" ("id", 
"entity_id", 
"attribute_name", 
"column_name", 
"type", 
"length", 
"default_value", 
"is_auto_number")
 VALUES ('88b897ad-6b26-38f2-99cf-6ae29ace0d78', 
'7d6f962a-57bd-4cac-b58d-cdc9c6ff2567', 
'createdDate', 
'createddate', 
20, 
0, 
'', 
false);
INSERT INTO "mendixsystem$attribute" ("id", 
"entity_id", 
"attribute_name", 
"column_name", 
"type", 
"length", 
"default_value", 
"is_auto_number")
 VALUES ('a3e29aba-b8fb-386c-a2c3-bcc38a677670', 
'7d6f962a-57bd-4cac-b58d-cdc9c6ff2567', 
'changedDate', 
'changeddate', 
20, 
0, 
'', 
false);
INSERT INTO "mendixsystem$index" ("id", 
"table_id", 
"index_name")
 VALUES ('808e063f-3e4b-3d58-aff3-a0588250f545', 
'7d6f962a-57bd-4cac-b58d-cdc9c6ff2567', 
'idx_email_connector$outgoingemailconfiguration_system$owner');
INSERT INTO "mendixsystem$index_column" ("index_id", 
"column_id", 
"sort_order", 
"ordinal")
 VALUES ('808e063f-3e4b-3d58-aff3-a0588250f545', 
'ca792eb5-519c-341a-8df6-1861f13c9dfe', 
false, 
0);
INSERT INTO "mendixsystem$index" ("id", 
"table_id", 
"index_name")
 VALUES ('a7845b1d-8c5d-3b55-ae69-4579054d9140', 
'7d6f962a-57bd-4cac-b58d-cdc9c6ff2567', 
'idx_email_connector$outgoingemailconfiguration_system$changedby');
INSERT INTO "mendixsystem$index_column" ("index_id", 
"column_id", 
"sort_order", 
"ordinal")
 VALUES ('a7845b1d-8c5d-3b55-ae69-4579054d9140', 
'8c42c639-55b6-329e-a615-53cdb674c33f', 
false, 
0);
INSERT INTO "mendixsystem$association" ("id", 
"association_name", 
"table_name", 
"parent_entity_id", 
"child_entity_id", 
"parent_column_name", 
"child_column_name")
 VALUES ('ca792eb5-519c-341a-8df6-1861f13c9dfe', 
'System.owner', 
'system$owner', 
'7d6f962a-57bd-4cac-b58d-cdc9c6ff2567', 
'282e2e60-88a5-469d-84a5-ba8d9151644f', 
'id', 
'system$owner');
INSERT INTO "mendixsystem$association" ("id", 
"association_name", 
"table_name", 
"parent_entity_id", 
"child_entity_id", 
"parent_column_name", 
"child_column_name")
 VALUES ('8c42c639-55b6-329e-a615-53cdb674c33f', 
'System.changedBy', 
'system$changedby', 
'7d6f962a-57bd-4cac-b58d-cdc9c6ff2567', 
'282e2e60-88a5-469d-84a5-ba8d9151644f', 
'id', 
'system$changedby');
CREATE TABLE "email_connector$outgoingemailconfiguration_emailaccount" (
	"email_connector$outgoingemailconfigurationid" BIGINT NOT NULL,
	"email_connector$emailaccountid" BIGINT NOT NULL,
	PRIMARY KEY("email_connector$outgoingemailconfigurationid","email_connector$emailaccountid"),
	CONSTRAINT "uniq_email_connector$outgoingemailconfiguration_emailaccount_email_connector$emailaccountid" UNIQUE ("email_connector$emailaccountid"),
	CONSTRAINT "uniq_email_connector$outgoingemailconfiguration_emailaccount_email_connector$outgoingemailconfigurationid" UNIQUE ("email_connector$outgoingemailconfigurationid"));
CREATE INDEX "idx_email_connector$outgoingemailconfiguration_emailaccount" ON "email_connector$outgoingemailconfiguration_emailaccount" ("email_connector$emailaccountid" ASC,"email_connector$outgoingemailconfigurationid" ASC);
INSERT INTO "mendixsystem$association" ("id", 
"association_name", 
"table_name", 
"parent_entity_id", 
"child_entity_id", 
"parent_column_name", 
"child_column_name", 
"index_name")
 VALUES ('62402506-f894-41d9-8c09-1e37369afcb4', 
'Email_Connector.OutgoingEmailConfiguration_EmailAccount', 
'email_connector$outgoingemailconfiguration_emailaccount', 
'7d6f962a-57bd-4cac-b58d-cdc9c6ff2567', 
'0b02802a-37a3-45ac-ab26-2a3921d52fbe', 
'email_connector$outgoingemailconfigurationid', 
'email_connector$emailaccountid', 
'idx_email_connector$outgoingemailconfiguration_emailaccount');
INSERT INTO "mendixsystem$unique_constraint" ("name", 
"table_id", 
"column_id")
 VALUES ('uniq_email_connector$outgoingemailconfiguration_emailaccount_email_connector$emailaccountid', 
'62402506-f894-41d9-8c09-1e37369afcb4', 
'a96bbe95-2b48-3cb0-ad3c-ce5b6cf29da2');
INSERT INTO "mendixsystem$unique_constraint" ("name", 
"table_id", 
"column_id")
 VALUES ('uniq_email_connector$outgoingemailconfiguration_emailaccount_email_connector$outgoingemailconfigurationid', 
'62402506-f894-41d9-8c09-1e37369afcb4', 
'3573b98c-69e6-3178-b194-b20f0729155f');
CREATE TABLE "email_connector$emailmessage" (
	"id" BIGINT NOT NULL,
	"subject" VARCHAR_IGNORECASE(2147483647) NULL,
	"sentdate" TIMESTAMP NULL,
	"retrievedate" TIMESTAMP NULL,
	"from" VARCHAR_IGNORECASE(2147483647) NULL,
	"to" VARCHAR_IGNORECASE(2147483647) NULL,
	"cc" VARCHAR_IGNORECASE(2147483647) NULL,
	"bcc" VARCHAR_IGNORECASE(2147483647) NULL,
	"content" VARCHAR_IGNORECASE(2147483647) NULL,
	"useonlyplaintext" BOOLEAN NULL,
	"hasattachments" BOOLEAN NULL,
	"size" INT NULL,
	"fromdisplayname" VARCHAR_IGNORECASE(200) NULL,
	"replyto" VARCHAR_IGNORECASE(200) NULL,
	"plainbody" VARCHAR_IGNORECASE(2147483647) NULL,
	"queuedforsending" BOOLEAN NULL,
	"resendattempts" INT NULL,
	"lastsenderror" VARCHAR_IGNORECASE(2147483647) NULL,
	"lastsendattemptat" TIMESTAMP NULL,
	"status" VARCHAR_IGNORECASE(8) NULL,
	"issigned" BOOLEAN NULL,
	"isencrypted" BOOLEAN NULL,
	"recipientstoggle" BOOLEAN NULL,
	"system$owner" BIGINT NULL,
	PRIMARY KEY("id"));
CREATE INDEX "idx_email_connector$emailmessage_queuedforsending_asc_status_asc_lastsendattemptat_asc" ON "email_connector$emailmessage" ("queuedforsending" ASC,"status" ASC,"lastsendattemptat" ASC,"id" ASC);
CREATE INDEX "idx_email_connector$emailmessage_sentdate_asc" ON "email_connector$emailmessage" ("sentdate" ASC,"id" ASC);
CREATE INDEX "idx_email_connector$emailmessage_lastsendattemptat_asc_queuedforsending_asc" ON "email_connector$emailmessage" ("lastsendattemptat" ASC,"queuedforsending" ASC,"id" ASC);
CREATE INDEX "idx_email_connector$emailmessage_system$owner" ON "email_connector$emailmessage" ("system$owner" ASC,"id" ASC);
INSERT INTO "mendixsystem$entity" ("id", 
"entity_name", 
"table_name", 
"remote", 
"remote_primary_key")
 VALUES ('3ede1791-cd30-4ca9-a5d1-3a592322a264', 
'Email_Connector.EmailMessage', 
'email_connector$emailmessage', 
false, 
false);
INSERT INTO "mendixsystem$attribute" ("id", 
"entity_id", 
"attribute_name", 
"column_name", 
"type", 
"length", 
"default_value", 
"is_auto_number")
 VALUES ('66d24597-bbfd-403a-91e3-49f298d3d41f', 
'3ede1791-cd30-4ca9-a5d1-3a592322a264', 
'Subject', 
'subject', 
30, 
0, 
'', 
false);
INSERT INTO "mendixsystem$attribute" ("id", 
"entity_id", 
"attribute_name", 
"column_name", 
"type", 
"length", 
"default_value", 
"is_auto_number")
 VALUES ('fd83c6e2-7e4e-45e0-8e16-976ffb001319', 
'3ede1791-cd30-4ca9-a5d1-3a592322a264', 
'SentDate', 
'sentdate', 
20, 
0, 
'', 
false);
INSERT INTO "mendixsystem$attribute" ("id", 
"entity_id", 
"attribute_name", 
"column_name", 
"type", 
"length", 
"default_value", 
"is_auto_number")
 VALUES ('a2ceeec5-ad0a-47ac-a37e-d2b9adf3e082', 
'3ede1791-cd30-4ca9-a5d1-3a592322a264', 
'RetrieveDate', 
'retrievedate', 
20, 
0, 
'', 
false);
INSERT INTO "mendixsystem$attribute" ("id", 
"entity_id", 
"attribute_name", 
"column_name", 
"type", 
"length", 
"default_value", 
"is_auto_number")
 VALUES ('4122c838-c7f0-45ed-81e7-0b4feab5fbe4', 
'3ede1791-cd30-4ca9-a5d1-3a592322a264', 
'From', 
'from', 
30, 
0, 
'', 
false);
INSERT INTO "mendixsystem$attribute" ("id", 
"entity_id", 
"attribute_name", 
"column_name", 
"type", 
"length", 
"default_value", 
"is_auto_number")
 VALUES ('8f4e3879-052c-4edf-a02d-8d52de529960', 
'3ede1791-cd30-4ca9-a5d1-3a592322a264', 
'To', 
'to', 
30, 
0, 
'', 
false);
INSERT INTO "mendixsystem$attribute" ("id", 
"entity_id", 
"attribute_name", 
"column_name", 
"type", 
"length", 
"default_value", 
"is_auto_number")
 VALUES ('35be1688-316c-4c2e-b4f0-9cd62ba288ba', 
'3ede1791-cd30-4ca9-a5d1-3a592322a264', 
'CC', 
'cc', 
30, 
0, 
'', 
false);
INSERT INTO "mendixsystem$attribute" ("id", 
"entity_id", 
"attribute_name", 
"column_name", 
"type", 
"length", 
"default_value", 
"is_auto_number")
 VALUES ('e3b1143d-9c82-4acf-a6a4-49f166272194', 
'3ede1791-cd30-4ca9-a5d1-3a592322a264', 
'BCC', 
'bcc', 
30, 
0, 
'', 
false);
INSERT INTO "mendixsystem$attribute" ("id", 
"entity_id", 
"attribute_name", 
"column_name", 
"type", 
"length", 
"default_value", 
"is_auto_number")
 VALUES ('ba18c111-83eb-464b-9284-31721a9cd5d1', 
'3ede1791-cd30-4ca9-a5d1-3a592322a264', 
'Content', 
'content', 
30, 
0, 
'', 
false);
INSERT INTO "mendixsystem$attribute" ("id", 
"entity_id", 
"attribute_name", 
"column_name", 
"type", 
"length", 
"default_value", 
"is_auto_number")
 VALUES ('37e96e2a-1798-44c2-9704-de0028d96057', 
'3ede1791-cd30-4ca9-a5d1-3a592322a264', 
'UseOnlyPlainText', 
'useonlyplaintext', 
10, 
0, 
'false', 
false);
INSERT INTO "mendixsystem$attribute" ("id", 
"entity_id", 
"attribute_name", 
"column_name", 
"type", 
"length", 
"default_value", 
"is_auto_number")
 VALUES ('ab8d4810-64b7-4e96-9513-1603f0981956', 
'3ede1791-cd30-4ca9-a5d1-3a592322a264', 
'hasAttachments', 
'hasattachments', 
10, 
0, 
'false', 
false);
INSERT INTO "mendixsystem$attribute" ("id", 
"entity_id", 
"attribute_name", 
"column_name", 
"type", 
"length", 
"default_value", 
"is_auto_number")
 VALUES ('bab5910b-5829-4025-a90f-2f0dc616a568', 
'3ede1791-cd30-4ca9-a5d1-3a592322a264', 
'Size', 
'size', 
3, 
0, 
'0', 
false);
INSERT INTO "mendixsystem$attribute" ("id", 
"entity_id", 
"attribute_name", 
"column_name", 
"type", 
"length", 
"default_value", 
"is_auto_number")
 VALUES ('d13a8699-37b3-4d61-9de3-c0a7c6e99a24', 
'3ede1791-cd30-4ca9-a5d1-3a592322a264', 
'FromDisplayName', 
'fromdisplayname', 
30, 
200, 
'', 
false);
INSERT INTO "mendixsystem$attribute" ("id", 
"entity_id", 
"attribute_name", 
"column_name", 
"type", 
"length", 
"default_value", 
"is_auto_number")
 VALUES ('e96876e3-3aab-408e-865d-e6446ed33151', 
'3ede1791-cd30-4ca9-a5d1-3a592322a264', 
'ReplyTo', 
'replyto', 
30, 
200, 
'', 
false);
INSERT INTO "mendixsystem$attribute" ("id", 
"entity_id", 
"attribute_name", 
"column_name", 
"type", 
"length", 
"default_value", 
"is_auto_number")
 VALUES ('dd494d18-129d-4324-b607-509a0d53f6fc', 
'3ede1791-cd30-4ca9-a5d1-3a592322a264', 
'PlainBody', 
'plainbody', 
30, 
0, 
'', 
false);
INSERT INTO "mendixsystem$attribute" ("id", 
"entity_id", 
"attribute_name", 
"column_name", 
"type", 
"length", 
"default_value", 
"is_auto_number")
 VALUES ('82f96375-365b-4e10-a33c-6b891d0c0488', 
'3ede1791-cd30-4ca9-a5d1-3a592322a264', 
'QueuedForSending', 
'queuedforsending', 
10, 
0, 
'false', 
false);
INSERT INTO "mendixsystem$attribute" ("id", 
"entity_id", 
"attribute_name", 
"column_name", 
"type", 
"length", 
"default_value", 
"is_auto_number")
 VALUES ('c6d5bed9-7d49-4f05-87d4-37356898cecd', 
'3ede1791-cd30-4ca9-a5d1-3a592322a264', 
'ResendAttempts', 
'resendattempts', 
3, 
0, 
'0', 
false);
INSERT INTO "mendixsystem$attribute" ("id", 
"entity_id", 
"attribute_name", 
"column_name", 
"type", 
"length", 
"default_value", 
"is_auto_number")
 VALUES ('a91d5537-2970-4fa5-9e31-b7ab96dda5ec', 
'3ede1791-cd30-4ca9-a5d1-3a592322a264', 
'LastSendError', 
'lastsenderror', 
30, 
0, 
'', 
false);
INSERT INTO "mendixsystem$attribute" ("id", 
"entity_id", 
"attribute_name", 
"column_name", 
"type", 
"length", 
"default_value", 
"is_auto_number")
 VALUES ('4d98ee7c-64e4-42e4-ad4d-ddb3e4588882', 
'3ede1791-cd30-4ca9-a5d1-3a592322a264', 
'LastSendAttemptAt', 
'lastsendattemptat', 
20, 
0, 
'', 
false);
INSERT INTO "mendixsystem$attribute" ("id", 
"entity_id", 
"attribute_name", 
"column_name", 
"type", 
"length", 
"default_value", 
"is_auto_number")
 VALUES ('6454a2c7-0a68-48ca-b976-953d14567ff9', 
'3ede1791-cd30-4ca9-a5d1-3a592322a264', 
'Status', 
'status', 
40, 
8, 
'', 
false);
INSERT INTO "mendixsystem$attribute" ("id", 
"entity_id", 
"attribute_name", 
"column_name", 
"type", 
"length", 
"default_value", 
"is_auto_number")
 VALUES ('0fe7c3ed-4724-48de-b15a-8921bf2b68f7', 
'3ede1791-cd30-4ca9-a5d1-3a592322a264', 
'isSigned', 
'issigned', 
10, 
0, 
'false', 
false);
INSERT INTO "mendixsystem$attribute" ("id", 
"entity_id", 
"attribute_name", 
"column_name", 
"type", 
"length", 
"default_value", 
"is_auto_number")
 VALUES ('adc5e5c3-a073-4252-9a77-88ab90c76f11', 
'3ede1791-cd30-4ca9-a5d1-3a592322a264', 
'isEncrypted', 
'isencrypted', 
10, 
0, 
'false', 
false);
INSERT INTO "mendixsystem$attribute" ("id", 
"entity_id", 
"attribute_name", 
"column_name", 
"type", 
"length", 
"default_value", 
"is_auto_number")
 VALUES ('3a72362c-d116-4c88-b75b-0ec0ad5fd95f', 
'3ede1791-cd30-4ca9-a5d1-3a592322a264', 
'RecipientsToggle', 
'recipientstoggle', 
10, 
0, 
'false', 
false);
INSERT INTO "mendixsystem$index" ("id", 
"table_id", 
"index_name")
 VALUES ('dd65f1c0-e2ca-4a18-99f1-385f661b78af', 
'3ede1791-cd30-4ca9-a5d1-3a592322a264', 
'idx_email_connector$emailmessage_queuedforsending_asc_status_asc_lastsendattemptat_asc');
INSERT INTO "mendixsystem$index_column" ("index_id", 
"column_id", 
"sort_order", 
"ordinal")
 VALUES ('dd65f1c0-e2ca-4a18-99f1-385f661b78af', 
'82f96375-365b-4e10-a33c-6b891d0c0488', 
false, 
0);
INSERT INTO "mendixsystem$index_column" ("index_id", 
"column_id", 
"sort_order", 
"ordinal")
 VALUES ('dd65f1c0-e2ca-4a18-99f1-385f661b78af', 
'6454a2c7-0a68-48ca-b976-953d14567ff9', 
false, 
1);
INSERT INTO "mendixsystem$index_column" ("index_id", 
"column_id", 
"sort_order", 
"ordinal")
 VALUES ('dd65f1c0-e2ca-4a18-99f1-385f661b78af', 
'4d98ee7c-64e4-42e4-ad4d-ddb3e4588882', 
false, 
2);
INSERT INTO "mendixsystem$index" ("id", 
"table_id", 
"index_name")
 VALUES ('2787fba5-56c9-41da-88b5-29ce8ab81710', 
'3ede1791-cd30-4ca9-a5d1-3a592322a264', 
'idx_email_connector$emailmessage_sentdate_asc');
INSERT INTO "mendixsystem$index_column" ("index_id", 
"column_id", 
"sort_order", 
"ordinal")
 VALUES ('2787fba5-56c9-41da-88b5-29ce8ab81710', 
'fd83c6e2-7e4e-45e0-8e16-976ffb001319', 
false, 
0);
INSERT INTO "mendixsystem$index" ("id", 
"table_id", 
"index_name")
 VALUES ('9c21e30c-f77b-4a96-af57-0f0d86819002', 
'3ede1791-cd30-4ca9-a5d1-3a592322a264', 
'idx_email_connector$emailmessage_lastsendattemptat_asc_queuedforsending_asc');
INSERT INTO "mendixsystem$index_column" ("index_id", 
"column_id", 
"sort_order", 
"ordinal")
 VALUES ('9c21e30c-f77b-4a96-af57-0f0d86819002', 
'4d98ee7c-64e4-42e4-ad4d-ddb3e4588882', 
false, 
0);
INSERT INTO "mendixsystem$index_column" ("index_id", 
"column_id", 
"sort_order", 
"ordinal")
 VALUES ('9c21e30c-f77b-4a96-af57-0f0d86819002', 
'82f96375-365b-4e10-a33c-6b891d0c0488', 
false, 
1);
INSERT INTO "mendixsystem$index" ("id", 
"table_id", 
"index_name")
 VALUES ('39815635-b81b-36f6-8a9c-0dc5dd3190d1', 
'3ede1791-cd30-4ca9-a5d1-3a592322a264', 
'idx_email_connector$emailmessage_system$owner');
INSERT INTO "mendixsystem$index_column" ("index_id", 
"column_id", 
"sort_order", 
"ordinal")
 VALUES ('39815635-b81b-36f6-8a9c-0dc5dd3190d1', 
'aeed0bbc-e570-3ed9-9e81-a0fc77b5e07f', 
false, 
0);
INSERT INTO "mendixsystem$association" ("id", 
"association_name", 
"table_name", 
"parent_entity_id", 
"child_entity_id", 
"parent_column_name", 
"child_column_name")
 VALUES ('aeed0bbc-e570-3ed9-9e81-a0fc77b5e07f', 
'System.owner', 
'system$owner', 
'3ede1791-cd30-4ca9-a5d1-3a592322a264', 
'282e2e60-88a5-469d-84a5-ba8d9151644f', 
'id', 
'system$owner');
CREATE TABLE "email_connector$emailmessage_emailaccount" (
	"email_connector$emailmessageid" BIGINT NOT NULL,
	"email_connector$emailaccountid" BIGINT NOT NULL,
	PRIMARY KEY("email_connector$emailmessageid","email_connector$emailaccountid"),
	CONSTRAINT "uniq_email_connector$emailmessage_emailaccount_email_connector$emailmessageid" UNIQUE ("email_connector$emailmessageid"));
CREATE INDEX "idx_email_connector$emailmessage_emailaccount_email_connector$emailaccount_email_connector$emailmessage" ON "email_connector$emailmessage_emailaccount" ("email_connector$emailaccountid" ASC,"email_connector$emailmessageid" ASC);
INSERT INTO "mendixsystem$association" ("id", 
"association_name", 
"table_name", 
"parent_entity_id", 
"child_entity_id", 
"parent_column_name", 
"child_column_name", 
"index_name")
 VALUES ('b21f892e-8fa4-4db9-8e82-56dcf6630353', 
'Email_Connector.EmailMessage_EmailAccount', 
'email_connector$emailmessage_emailaccount', 
'3ede1791-cd30-4ca9-a5d1-3a592322a264', 
'0b02802a-37a3-45ac-ab26-2a3921d52fbe', 
'email_connector$emailmessageid', 
'email_connector$emailaccountid', 
'idx_email_connector$emailmessage_emailaccount_email_connector$emailaccount_email_connector$emailmessage');
INSERT INTO "mendixsystem$unique_constraint" ("name", 
"table_id", 
"column_id")
 VALUES ('uniq_email_connector$emailmessage_emailaccount_email_connector$emailmessageid', 
'b21f892e-8fa4-4db9-8e82-56dcf6630353', 
'a6188978-8f33-3578-9089-99150f8a08b5');
CREATE TABLE "email_connector$emailmessage_emailtemplate" (
	"email_connector$emailmessageid" BIGINT NOT NULL,
	"email_connector$emailtemplateid" BIGINT NOT NULL,
	PRIMARY KEY("email_connector$emailmessageid","email_connector$emailtemplateid"),
	CONSTRAINT "uniq_email_connector$emailmessage_emailtemplate_email_connector$emailmessageid" UNIQUE ("email_connector$emailmessageid"));
CREATE INDEX "idx_email_connector$emailmessage_emailtemplate_email_connector$emailtemplate_email_connector$emailmessage" ON "email_connector$emailmessage_emailtemplate" ("email_connector$emailtemplateid" ASC,"email_connector$emailmessageid" ASC);
INSERT INTO "mendixsystem$association" ("id", 
"association_name", 
"table_name", 
"parent_entity_id", 
"child_entity_id", 
"parent_column_name", 
"child_column_name", 
"index_name")
 VALUES ('008fd4fa-dfe7-4042-b6c2-0b403de43392', 
'Email_Connector.EmailMessage_EmailTemplate', 
'email_connector$emailmessage_emailtemplate', 
'3ede1791-cd30-4ca9-a5d1-3a592322a264', 
'0cbf6cd5-1bc5-4263-b48e-3dc60c51eda2', 
'email_connector$emailmessageid', 
'email_connector$emailtemplateid', 
'idx_email_connector$emailmessage_emailtemplate_email_connector$emailtemplate_email_connector$emailmessage');
INSERT INTO "mendixsystem$unique_constraint" ("name", 
"table_id", 
"column_id")
 VALUES ('uniq_email_connector$emailmessage_emailtemplate_email_connector$emailmessageid', 
'008fd4fa-dfe7-4042-b6c2-0b403de43392', 
'aa411b7b-b8cd-35e6-a5bd-617ba8644b2f');
CREATE TABLE "email_connector$emailconnectorlog" (
	"id" BIGINT NOT NULL,
	"created" TIMESTAMP NULL,
	"logtype" VARCHAR_IGNORECASE(7) NULL,
	"errormessage" VARCHAR_IGNORECASE(2147483647) NULL,
	"triggeredinmf" VARCHAR_IGNORECASE(200) NULL,
	"stacktrace" VARCHAR_IGNORECASE(2147483647) NULL,
	"message" VARCHAR_IGNORECASE(200) NULL,
	"isunread" BOOLEAN NULL,
	PRIMARY KEY("id"));
CREATE INDEX "idx_email_connector$emailconnectorlog_created_asc" ON "email_connector$emailconnectorlog" ("created" ASC,"id" ASC);
INSERT INTO "mendixsystem$entity" ("id", 
"entity_name", 
"table_name", 
"remote", 
"remote_primary_key")
 VALUES ('06247b8b-f846-436a-a26c-d74f764d7cd8', 
'Email_Connector.EmailConnectorLog', 
'email_connector$emailconnectorlog', 
false, 
false);
INSERT INTO "mendixsystem$attribute" ("id", 
"entity_id", 
"attribute_name", 
"column_name", 
"type", 
"length", 
"default_value", 
"is_auto_number")
 VALUES ('c055e2ba-b07d-4deb-afef-3def90ab3639', 
'06247b8b-f846-436a-a26c-d74f764d7cd8', 
'Created', 
'created', 
20, 
0, 
'', 
false);
INSERT INTO "mendixsystem$attribute" ("id", 
"entity_id", 
"attribute_name", 
"column_name", 
"type", 
"length", 
"default_value", 
"is_auto_number")
 VALUES ('4e8a51df-d9f0-400d-92ff-fbdac1a85b34', 
'06247b8b-f846-436a-a26c-d74f764d7cd8', 
'Logtype', 
'logtype', 
40, 
7, 
'', 
false);
INSERT INTO "mendixsystem$attribute" ("id", 
"entity_id", 
"attribute_name", 
"column_name", 
"type", 
"length", 
"default_value", 
"is_auto_number")
 VALUES ('713e3b37-c569-46d7-a25a-123bd21e8a8d', 
'06247b8b-f846-436a-a26c-d74f764d7cd8', 
'ErrorMessage', 
'errormessage', 
30, 
0, 
'', 
false);
INSERT INTO "mendixsystem$attribute" ("id", 
"entity_id", 
"attribute_name", 
"column_name", 
"type", 
"length", 
"default_value", 
"is_auto_number")
 VALUES ('f5ee4a5f-78ad-4e93-920b-cf386e3ea96e', 
'06247b8b-f846-436a-a26c-d74f764d7cd8', 
'TriggeredInMF', 
'triggeredinmf', 
30, 
200, 
'', 
false);
INSERT INTO "mendixsystem$attribute" ("id", 
"entity_id", 
"attribute_name", 
"column_name", 
"type", 
"length", 
"default_value", 
"is_auto_number")
 VALUES ('f4d80c68-e4e9-4531-a0f9-1d4673f120d5', 
'06247b8b-f846-436a-a26c-d74f764d7cd8', 
'StackTrace', 
'stacktrace', 
30, 
0, 
'', 
false);
INSERT INTO "mendixsystem$attribute" ("id", 
"entity_id", 
"attribute_name", 
"column_name", 
"type", 
"length", 
"default_value", 
"is_auto_number")
 VALUES ('09c79a88-b5a6-469b-aad3-d83fdf7dc1d3', 
'06247b8b-f846-436a-a26c-d74f764d7cd8', 
'Message', 
'message', 
30, 
200, 
'', 
false);
INSERT INTO "mendixsystem$attribute" ("id", 
"entity_id", 
"attribute_name", 
"column_name", 
"type", 
"length", 
"default_value", 
"is_auto_number")
 VALUES ('6a537c33-9a12-42a2-a5bb-1242b3cded88', 
'06247b8b-f846-436a-a26c-d74f764d7cd8', 
'IsUnread', 
'isunread', 
10, 
0, 
'true', 
false);
INSERT INTO "mendixsystem$index" ("id", 
"table_id", 
"index_name")
 VALUES ('c94e2dc6-e3d0-48a9-b3fe-9c35b3d86f9d', 
'06247b8b-f846-436a-a26c-d74f764d7cd8', 
'idx_email_connector$emailconnectorlog_created_asc');
INSERT INTO "mendixsystem$index_column" ("index_id", 
"column_id", 
"sort_order", 
"ordinal")
 VALUES ('c94e2dc6-e3d0-48a9-b3fe-9c35b3d86f9d', 
'c055e2ba-b07d-4deb-afef-3def90ab3639', 
false, 
0);
CREATE TABLE "email_connector$emailconnectorlog_emailmessage" (
	"email_connector$emailconnectorlogid" BIGINT NOT NULL,
	"email_connector$emailmessageid" BIGINT NOT NULL,
	PRIMARY KEY("email_connector$emailconnectorlogid","email_connector$emailmessageid"),
	CONSTRAINT "uniq_email_connector$emailconnectorlog_emailmessage_email_connector$emailconnectorlogid" UNIQUE ("email_connector$emailconnectorlogid"));
CREATE INDEX "idx_email_connector$emailconnectorlog_emailmessage_email_connector$emailmessage_email_connector$emailconnectorlog" ON "email_connector$emailconnectorlog_emailmessage" ("email_connector$emailmessageid" ASC,"email_connector$emailconnectorlogid" ASC);
INSERT INTO "mendixsystem$association" ("id", 
"association_name", 
"table_name", 
"parent_entity_id", 
"child_entity_id", 
"parent_column_name", 
"child_column_name", 
"index_name")
 VALUES ('d4e11e1d-cddd-4b50-bb65-4c080ba6bf3d', 
'Email_Connector.EmailConnectorLog_EmailMessage', 
'email_connector$emailconnectorlog_emailmessage', 
'06247b8b-f846-436a-a26c-d74f764d7cd8', 
'3ede1791-cd30-4ca9-a5d1-3a592322a264', 
'email_connector$emailconnectorlogid', 
'email_connector$emailmessageid', 
'idx_email_connector$emailconnectorlog_emailmessage_email_connector$emailmessage_email_connector$emailconnectorlog');
INSERT INTO "mendixsystem$unique_constraint" ("name", 
"table_id", 
"column_id")
 VALUES ('uniq_email_connector$emailconnectorlog_emailmessage_email_connector$emailconnectorlogid', 
'd4e11e1d-cddd-4b50-bb65-4c080ba6bf3d', 
'c8b7a34d-3256-3186-b997-7c21ee4ea6a6');
CREATE TABLE "email_connector$emailconnectorlog_emailaccount" (
	"email_connector$emailconnectorlogid" BIGINT NOT NULL,
	"email_connector$emailaccountid" BIGINT NOT NULL,
	PRIMARY KEY("email_connector$emailconnectorlogid","email_connector$emailaccountid"),
	CONSTRAINT "uniq_email_connector$emailconnectorlog_emailaccount_email_connector$emailconnectorlogid" UNIQUE ("email_connector$emailconnectorlogid"));
CREATE INDEX "idx_email_connector$emailconnectorlog_emailaccount_email_connector$emailaccount_email_connector$emailconnectorlog" ON "email_connector$emailconnectorlog_emailaccount" ("email_connector$emailaccountid" ASC,"email_connector$emailconnectorlogid" ASC);
INSERT INTO "mendixsystem$association" ("id", 
"association_name", 
"table_name", 
"parent_entity_id", 
"child_entity_id", 
"parent_column_name", 
"child_column_name", 
"index_name")
 VALUES ('a1a5a074-e353-4560-9664-4263f27a4573', 
'Email_Connector.EmailConnectorLog_EmailAccount', 
'email_connector$emailconnectorlog_emailaccount', 
'06247b8b-f846-436a-a26c-d74f764d7cd8', 
'0b02802a-37a3-45ac-ab26-2a3921d52fbe', 
'email_connector$emailconnectorlogid', 
'email_connector$emailaccountid', 
'idx_email_connector$emailconnectorlog_emailaccount_email_connector$emailaccount_email_connector$emailconnectorlog');
INSERT INTO "mendixsystem$unique_constraint" ("name", 
"table_id", 
"column_id")
 VALUES ('uniq_email_connector$emailconnectorlog_emailaccount_email_connector$emailconnectorlogid', 
'a1a5a074-e353-4560-9664-4263f27a4573', 
'6bde7dd6-e429-3426-b9ef-a02436469b91');
CREATE TABLE "email_connector$oauthtoken" (
	"id" BIGINT NOT NULL,
	"token_type" VARCHAR_IGNORECASE(200) NULL,
	"scope" VARCHAR_IGNORECASE(2147483647) NULL,
	"expires_in" INT NULL,
	"access_token" VARCHAR_IGNORECASE(2147483647) NULL,
	"refresh_token" VARCHAR_IGNORECASE(2147483647) NULL,
	"id_token" VARCHAR_IGNORECASE(2147483647) NULL,
	"createddate" TIMESTAMP NULL,
	"changeddate" TIMESTAMP NULL,
	"system$owner" BIGINT NULL,
	"system$changedby" BIGINT NULL,
	PRIMARY KEY("id"));
CREATE INDEX "idx_email_connector$oauthtoken_system$owner" ON "email_connector$oauthtoken" ("system$owner" ASC,"id" ASC);
CREATE INDEX "idx_email_connector$oauthtoken_system$changedby" ON "email_connector$oauthtoken" ("system$changedby" ASC,"id" ASC);
INSERT INTO "mendixsystem$entity" ("id", 
"entity_name", 
"table_name", 
"remote", 
"remote_primary_key")
 VALUES ('90b91a7e-a3db-4c4c-aae7-d84292ca5729', 
'Email_Connector.OAuthToken', 
'email_connector$oauthtoken', 
false, 
false);
INSERT INTO "mendixsystem$attribute" ("id", 
"entity_id", 
"attribute_name", 
"column_name", 
"type", 
"length", 
"default_value", 
"is_auto_number")
 VALUES ('b05b5298-4287-4ff5-b040-b44bf8b34f92', 
'90b91a7e-a3db-4c4c-aae7-d84292ca5729', 
'token_type', 
'token_type', 
30, 
200, 
'', 
false);
INSERT INTO "mendixsystem$attribute" ("id", 
"entity_id", 
"attribute_name", 
"column_name", 
"type", 
"length", 
"default_value", 
"is_auto_number")
 VALUES ('b8d51635-a1ea-477b-b9c2-f3432d2e1c7b', 
'90b91a7e-a3db-4c4c-aae7-d84292ca5729', 
'scope', 
'scope', 
30, 
0, 
'', 
false);
INSERT INTO "mendixsystem$attribute" ("id", 
"entity_id", 
"attribute_name", 
"column_name", 
"type", 
"length", 
"default_value", 
"is_auto_number")
 VALUES ('16af4c9d-f191-428a-9fcf-84a07d08fba2', 
'90b91a7e-a3db-4c4c-aae7-d84292ca5729', 
'expires_in', 
'expires_in', 
3, 
0, 
'0', 
false);
INSERT INTO "mendixsystem$attribute" ("id", 
"entity_id", 
"attribute_name", 
"column_name", 
"type", 
"length", 
"default_value", 
"is_auto_number")
 VALUES ('10c54ec1-e7fb-4ded-a255-54c4a759d2f0', 
'90b91a7e-a3db-4c4c-aae7-d84292ca5729', 
'access_token', 
'access_token', 
30, 
0, 
'', 
false);
INSERT INTO "mendixsystem$attribute" ("id", 
"entity_id", 
"attribute_name", 
"column_name", 
"type", 
"length", 
"default_value", 
"is_auto_number")
 VALUES ('fdc86ae3-d683-40cc-9247-36c50d4690d4', 
'90b91a7e-a3db-4c4c-aae7-d84292ca5729', 
'refresh_token', 
'refresh_token', 
30, 
0, 
'', 
false);
INSERT INTO "mendixsystem$attribute" ("id", 
"entity_id", 
"attribute_name", 
"column_name", 
"type", 
"length", 
"default_value", 
"is_auto_number")
 VALUES ('9e23f251-a425-4007-8a2a-baf29883b72b', 
'90b91a7e-a3db-4c4c-aae7-d84292ca5729', 
'id_token', 
'id_token', 
30, 
0, 
'', 
false);
INSERT INTO "mendixsystem$attribute" ("id", 
"entity_id", 
"attribute_name", 
"column_name", 
"type", 
"length", 
"default_value", 
"is_auto_number")
 VALUES ('a49a5726-857a-3838-a043-5a33a993f8ad', 
'90b91a7e-a3db-4c4c-aae7-d84292ca5729', 
'createdDate', 
'createddate', 
20, 
0, 
'', 
false);
INSERT INTO "mendixsystem$attribute" ("id", 
"entity_id", 
"attribute_name", 
"column_name", 
"type", 
"length", 
"default_value", 
"is_auto_number")
 VALUES ('f994225b-8598-3cfb-9bbd-49b70fa4a467', 
'90b91a7e-a3db-4c4c-aae7-d84292ca5729', 
'changedDate', 
'changeddate', 
20, 
0, 
'', 
false);
INSERT INTO "mendixsystem$index" ("id", 
"table_id", 
"index_name")
 VALUES ('840e4cb5-e7bc-3682-b9ef-c9b291fb925a', 
'90b91a7e-a3db-4c4c-aae7-d84292ca5729', 
'idx_email_connector$oauthtoken_system$owner');
INSERT INTO "mendixsystem$index_column" ("index_id", 
"column_id", 
"sort_order", 
"ordinal")
 VALUES ('840e4cb5-e7bc-3682-b9ef-c9b291fb925a', 
'269aaf7e-ec87-392c-8e07-732d9b8b0f78', 
false, 
0);
INSERT INTO "mendixsystem$index" ("id", 
"table_id", 
"index_name")
 VALUES ('8a7449ee-371f-3764-9b64-3c37cece59bd', 
'90b91a7e-a3db-4c4c-aae7-d84292ca5729', 
'idx_email_connector$oauthtoken_system$changedby');
INSERT INTO "mendixsystem$index_column" ("index_id", 
"column_id", 
"sort_order", 
"ordinal")
 VALUES ('8a7449ee-371f-3764-9b64-3c37cece59bd', 
'7a2be55a-ea42-3575-89d9-c7364de6f1a2', 
false, 
0);
INSERT INTO "mendixsystem$association" ("id", 
"association_name", 
"table_name", 
"parent_entity_id", 
"child_entity_id", 
"parent_column_name", 
"child_column_name")
 VALUES ('269aaf7e-ec87-392c-8e07-732d9b8b0f78', 
'System.owner', 
'system$owner', 
'90b91a7e-a3db-4c4c-aae7-d84292ca5729', 
'282e2e60-88a5-469d-84a5-ba8d9151644f', 
'id', 
'system$owner');
INSERT INTO "mendixsystem$association" ("id", 
"association_name", 
"table_name", 
"parent_entity_id", 
"child_entity_id", 
"parent_column_name", 
"child_column_name")
 VALUES ('7a2be55a-ea42-3575-89d9-c7364de6f1a2', 
'System.changedBy', 
'system$changedby', 
'90b91a7e-a3db-4c4c-aae7-d84292ca5729', 
'282e2e60-88a5-469d-84a5-ba8d9151644f', 
'id', 
'system$changedby');
CREATE TABLE "email_connector$emailheader" (
	"id" BIGINT NOT NULL,
	"key" VARCHAR_IGNORECASE(200) NULL,
	"value" VARCHAR_IGNORECASE(2147483647) NULL,
	PRIMARY KEY("id"));
INSERT INTO "mendixsystem$entity" ("id", 
"entity_name", 
"table_name", 
"remote", 
"remote_primary_key")
 VALUES ('4089a854-8d96-4e3b-a2d4-3218df05c4c1', 
'Email_Connector.EmailHeader', 
'email_connector$emailheader', 
false, 
false);
INSERT INTO "mendixsystem$attribute" ("id", 
"entity_id", 
"attribute_name", 
"column_name", 
"type", 
"length", 
"default_value", 
"is_auto_number")
 VALUES ('7c421803-c8aa-4e18-8751-0b837b6e5247', 
'4089a854-8d96-4e3b-a2d4-3218df05c4c1', 
'Key', 
'key', 
30, 
200, 
'', 
false);
INSERT INTO "mendixsystem$attribute" ("id", 
"entity_id", 
"attribute_name", 
"column_name", 
"type", 
"length", 
"default_value", 
"is_auto_number")
 VALUES ('818228a1-a3bc-4ae7-b484-ab7235ed720c', 
'4089a854-8d96-4e3b-a2d4-3218df05c4c1', 
'Value', 
'value', 
30, 
0, 
'', 
false);
CREATE TABLE "email_connector$emailheader_emailmessage" (
	"email_connector$emailheaderid" BIGINT NOT NULL,
	"email_connector$emailmessageid" BIGINT NOT NULL,
	PRIMARY KEY("email_connector$emailheaderid","email_connector$emailmessageid"),
	CONSTRAINT "uniq_email_connector$emailheader_emailmessage_email_connector$emailheaderid" UNIQUE ("email_connector$emailheaderid"));
CREATE INDEX "idx_email_connector$emailheader_emailmessage_email_connector$emailmessage_email_connector$emailheader" ON "email_connector$emailheader_emailmessage" ("email_connector$emailmessageid" ASC,"email_connector$emailheaderid" ASC);
INSERT INTO "mendixsystem$association" ("id", 
"association_name", 
"table_name", 
"parent_entity_id", 
"child_entity_id", 
"parent_column_name", 
"child_column_name", 
"index_name")
 VALUES ('d9a8a951-0b28-45bd-af00-1be9f879d84a', 
'Email_Connector.EmailHeader_EmailMessage', 
'email_connector$emailheader_emailmessage', 
'4089a854-8d96-4e3b-a2d4-3218df05c4c1', 
'3ede1791-cd30-4ca9-a5d1-3a592322a264', 
'email_connector$emailheaderid', 
'email_connector$emailmessageid', 
'idx_email_connector$emailheader_emailmessage_email_connector$emailmessage_email_connector$emailheader');
INSERT INTO "mendixsystem$unique_constraint" ("name", 
"table_id", 
"column_id")
 VALUES ('uniq_email_connector$emailheader_emailmessage_email_connector$emailheaderid', 
'd9a8a951-0b28-45bd-af00-1be9f879d84a', 
'2563ee9d-1cd6-3c59-b42f-c05de89aeb9a');
CREATE TABLE "email_connector$incomingemailconfiguration" (
	"id" BIGINT NOT NULL,
	"incomingprotocol" VARCHAR_IGNORECASE(5) NULL,
	"folder" VARCHAR_IGNORECASE(200) NULL,
	"usebatchimport" BOOLEAN NULL,
	"batchsize" INT NULL,
	"handling" VARCHAR_IGNORECASE(13) NULL,
	"movefolder" VARCHAR_IGNORECASE(200) NULL,
	"processinlineimage" BOOLEAN NULL,
	"fetchstrategy" VARCHAR_IGNORECASE(6) NULL,
	"notifyonnewemails" BOOLEAN NULL,
	"serverhost" VARCHAR_IGNORECASE(200) NULL,
	"serverport" INT NULL,
	"createddate" TIMESTAMP NULL,
	"changeddate" TIMESTAMP NULL,
	"system$owner" BIGINT NULL,
	"system$changedby" BIGINT NULL,
	PRIMARY KEY("id"));
CREATE INDEX "idx_email_connector$incomingemailconfiguration_system$owner" ON "email_connector$incomingemailconfiguration" ("system$owner" ASC,"id" ASC);
CREATE INDEX "idx_email_connector$incomingemailconfiguration_system$changedby" ON "email_connector$incomingemailconfiguration" ("system$changedby" ASC,"id" ASC);
INSERT INTO "mendixsystem$entity" ("id", 
"entity_name", 
"table_name", 
"remote", 
"remote_primary_key")
 VALUES ('83f14c87-473e-44b4-acb2-bb1f3a03141c', 
'Email_Connector.IncomingEmailConfiguration', 
'email_connector$incomingemailconfiguration', 
false, 
false);
INSERT INTO "mendixsystem$attribute" ("id", 
"entity_id", 
"attribute_name", 
"column_name", 
"type", 
"length", 
"default_value", 
"is_auto_number")
 VALUES ('da66fb4e-b6cd-4278-b71d-b27bc52a5612', 
'83f14c87-473e-44b4-acb2-bb1f3a03141c', 
'IncomingProtocol', 
'incomingprotocol', 
40, 
5, 
'', 
false);
INSERT INTO "mendixsystem$attribute" ("id", 
"entity_id", 
"attribute_name", 
"column_name", 
"type", 
"length", 
"default_value", 
"is_auto_number")
 VALUES ('f98cbe58-21cc-44d1-8282-5a695cca0eff', 
'83f14c87-473e-44b4-acb2-bb1f3a03141c', 
'Folder', 
'folder', 
30, 
200, 
'INBOX', 
false);
INSERT INTO "mendixsystem$attribute" ("id", 
"entity_id", 
"attribute_name", 
"column_name", 
"type", 
"length", 
"default_value", 
"is_auto_number")
 VALUES ('7e7d5e27-bc5d-4d1a-9fe1-55e48043ea8d', 
'83f14c87-473e-44b4-acb2-bb1f3a03141c', 
'UseBatchImport', 
'usebatchimport', 
10, 
0, 
'false', 
false);
INSERT INTO "mendixsystem$attribute" ("id", 
"entity_id", 
"attribute_name", 
"column_name", 
"type", 
"length", 
"default_value", 
"is_auto_number")
 VALUES ('1d88f70b-63b4-4dd9-98d1-9b949915e070', 
'83f14c87-473e-44b4-acb2-bb1f3a03141c', 
'BatchSize', 
'batchsize', 
3, 
0, 
'50', 
false);
INSERT INTO "mendixsystem$attribute" ("id", 
"entity_id", 
"attribute_name", 
"column_name", 
"type", 
"length", 
"default_value", 
"is_auto_number")
 VALUES ('e3cf67ea-a462-40e0-a921-a2f159d814ba', 
'83f14c87-473e-44b4-acb2-bb1f3a03141c', 
'Handling', 
'handling', 
40, 
13, 
'NoHandling', 
false);
INSERT INTO "mendixsystem$attribute" ("id", 
"entity_id", 
"attribute_name", 
"column_name", 
"type", 
"length", 
"default_value", 
"is_auto_number")
 VALUES ('c7dc2287-4b3e-40c5-bc50-8d16a64ad284', 
'83f14c87-473e-44b4-acb2-bb1f3a03141c', 
'MoveFolder', 
'movefolder', 
30, 
200, 
'', 
false);
INSERT INTO "mendixsystem$attribute" ("id", 
"entity_id", 
"attribute_name", 
"column_name", 
"type", 
"length", 
"default_value", 
"is_auto_number")
 VALUES ('9d09b77a-0953-4ab6-babf-67288bc19dc9', 
'83f14c87-473e-44b4-acb2-bb1f3a03141c', 
'ProcessInlineImage', 
'processinlineimage', 
10, 
0, 
'false', 
false);
INSERT INTO "mendixsystem$attribute" ("id", 
"entity_id", 
"attribute_name", 
"column_name", 
"type", 
"length", 
"default_value", 
"is_auto_number")
 VALUES ('e9044659-1172-40f2-b8ec-543acec53825', 
'83f14c87-473e-44b4-acb2-bb1f3a03141c', 
'FetchStrategy', 
'fetchstrategy', 
40, 
6, 
'Latest', 
false);
INSERT INTO "mendixsystem$attribute" ("id", 
"entity_id", 
"attribute_name", 
"column_name", 
"type", 
"length", 
"default_value", 
"is_auto_number")
 VALUES ('c61d9359-0fec-4517-9a01-98772e0e2fb1', 
'83f14c87-473e-44b4-acb2-bb1f3a03141c', 
'NotifyOnNewEmails', 
'notifyonnewemails', 
10, 
0, 
'false', 
false);
INSERT INTO "mendixsystem$attribute" ("id", 
"entity_id", 
"attribute_name", 
"column_name", 
"type", 
"length", 
"default_value", 
"is_auto_number")
 VALUES ('f59c35e9-7184-42b0-9560-d13a69f269b2', 
'83f14c87-473e-44b4-acb2-bb1f3a03141c', 
'ServerHost', 
'serverhost', 
30, 
200, 
'', 
false);
INSERT INTO "mendixsystem$attribute" ("id", 
"entity_id", 
"attribute_name", 
"column_name", 
"type", 
"length", 
"default_value", 
"is_auto_number")
 VALUES ('8e7ccd41-9e4c-46c9-9a75-ead3a08aaa29', 
'83f14c87-473e-44b4-acb2-bb1f3a03141c', 
'ServerPort', 
'serverport', 
3, 
0, 
'0', 
false);
INSERT INTO "mendixsystem$attribute" ("id", 
"entity_id", 
"attribute_name", 
"column_name", 
"type", 
"length", 
"default_value", 
"is_auto_number")
 VALUES ('7e985bc1-cef0-3247-b1ff-ddece6a1ca8f', 
'83f14c87-473e-44b4-acb2-bb1f3a03141c', 
'createdDate', 
'createddate', 
20, 
0, 
'', 
false);
INSERT INTO "mendixsystem$attribute" ("id", 
"entity_id", 
"attribute_name", 
"column_name", 
"type", 
"length", 
"default_value", 
"is_auto_number")
 VALUES ('aeee5b41-3ac0-325f-9c4f-4da5dd2f67be', 
'83f14c87-473e-44b4-acb2-bb1f3a03141c', 
'changedDate', 
'changeddate', 
20, 
0, 
'', 
false);
INSERT INTO "mendixsystem$index" ("id", 
"table_id", 
"index_name")
 VALUES ('68669309-8079-3157-b448-709c636c2493', 
'83f14c87-473e-44b4-acb2-bb1f3a03141c', 
'idx_email_connector$incomingemailconfiguration_system$owner');
INSERT INTO "mendixsystem$index_column" ("index_id", 
"column_id", 
"sort_order", 
"ordinal")
 VALUES ('68669309-8079-3157-b448-709c636c2493', 
'22d3160f-471d-3f16-bbab-25f9fc2cca18', 
false, 
0);
INSERT INTO "mendixsystem$index" ("id", 
"table_id", 
"index_name")
 VALUES ('2883111b-9b43-3ab0-9638-6b2c62fb6e1c', 
'83f14c87-473e-44b4-acb2-bb1f3a03141c', 
'idx_email_connector$incomingemailconfiguration_system$changedby');
INSERT INTO "mendixsystem$index_column" ("index_id", 
"column_id", 
"sort_order", 
"ordinal")
 VALUES ('2883111b-9b43-3ab0-9638-6b2c62fb6e1c', 
'7e8f4f0e-4452-3113-9941-4e5e8dcdbd0f', 
false, 
0);
INSERT INTO "mendixsystem$association" ("id", 
"association_name", 
"table_name", 
"parent_entity_id", 
"child_entity_id", 
"parent_column_name", 
"child_column_name")
 VALUES ('22d3160f-471d-3f16-bbab-25f9fc2cca18', 
'System.owner', 
'system$owner', 
'83f14c87-473e-44b4-acb2-bb1f3a03141c', 
'282e2e60-88a5-469d-84a5-ba8d9151644f', 
'id', 
'system$owner');
INSERT INTO "mendixsystem$association" ("id", 
"association_name", 
"table_name", 
"parent_entity_id", 
"child_entity_id", 
"parent_column_name", 
"child_column_name")
 VALUES ('7e8f4f0e-4452-3113-9941-4e5e8dcdbd0f', 
'System.changedBy', 
'system$changedby', 
'83f14c87-473e-44b4-acb2-bb1f3a03141c', 
'282e2e60-88a5-469d-84a5-ba8d9151644f', 
'id', 
'system$changedby');
CREATE TABLE "email_connector$incomingemailconfiguration_emailaccount" (
	"email_connector$incomingemailconfigurationid" BIGINT NOT NULL,
	"email_connector$emailaccountid" BIGINT NOT NULL,
	PRIMARY KEY("email_connector$incomingemailconfigurationid","email_connector$emailaccountid"),
	CONSTRAINT "uniq_email_connector$incomingemailconfiguration_emailaccount_email_connector$emailaccountid" UNIQUE ("email_connector$emailaccountid"),
	CONSTRAINT "uniq_email_connector$incomingemailconfiguration_emailaccount_email_connector$incomingemailconfigurationid" UNIQUE ("email_connector$incomingemailconfigurationid"));
CREATE INDEX "idx_email_connector$incomingemailconfiguration_emailaccount" ON "email_connector$incomingemailconfiguration_emailaccount" ("email_connector$emailaccountid" ASC,"email_connector$incomingemailconfigurationid" ASC);
INSERT INTO "mendixsystem$association" ("id", 
"association_name", 
"table_name", 
"parent_entity_id", 
"child_entity_id", 
"parent_column_name", 
"child_column_name", 
"index_name")
 VALUES ('4c3ade65-e172-4e70-be4c-06c4b8dad12d', 
'Email_Connector.IncomingEmailConfiguration_EmailAccount', 
'email_connector$incomingemailconfiguration_emailaccount', 
'83f14c87-473e-44b4-acb2-bb1f3a03141c', 
'0b02802a-37a3-45ac-ab26-2a3921d52fbe', 
'email_connector$incomingemailconfigurationid', 
'email_connector$emailaccountid', 
'idx_email_connector$incomingemailconfiguration_emailaccount');
INSERT INTO "mendixsystem$unique_constraint" ("name", 
"table_id", 
"column_id")
 VALUES ('uniq_email_connector$incomingemailconfiguration_emailaccount_email_connector$emailaccountid', 
'4c3ade65-e172-4e70-be4c-06c4b8dad12d', 
'4c1a6b0f-02fb-3853-9895-c3cb2530412e');
INSERT INTO "mendixsystem$unique_constraint" ("name", 
"table_id", 
"column_id")
 VALUES ('uniq_email_connector$incomingemailconfiguration_emailaccount_email_connector$incomingemailconfigurationid', 
'4c3ade65-e172-4e70-be4c-06c4b8dad12d', 
'1ef3dbe0-763d-349c-8b55-ec89e6db1d57');
CREATE TABLE "email_connector$attachment" (
	"id" BIGINT NOT NULL,
	"contentid" VARCHAR_IGNORECASE(2147483647) NULL,
	"attachmentname" VARCHAR_IGNORECASE(200) NULL,
	"attachmentsize" INT NULL,
	"attachmentcontenttype" VARCHAR_IGNORECASE(200) NULL,
	"position" VARCHAR_IGNORECASE(10) NULL,
	PRIMARY KEY("id"));
INSERT INTO "mendixsystem$entity" ("id", 
"entity_name", 
"table_name", 
"superentity_id", 
"remote", 
"remote_primary_key")
 VALUES ('07ca1776-4101-42eb-a281-1beeedd22eca', 
'Email_Connector.Attachment', 
'email_connector$attachment', 
'170ce49d-f29c-4fac-99a6-b55e8a3aeb39', 
false, 
false);
INSERT INTO "mendixsystem$attribute" ("id", 
"entity_id", 
"attribute_name", 
"column_name", 
"type", 
"length", 
"default_value", 
"is_auto_number")
 VALUES ('608b9e01-f6be-4f68-9371-35267c81f684', 
'07ca1776-4101-42eb-a281-1beeedd22eca', 
'ContentID', 
'contentid', 
30, 
0, 
'', 
false);
INSERT INTO "mendixsystem$attribute" ("id", 
"entity_id", 
"attribute_name", 
"column_name", 
"type", 
"length", 
"default_value", 
"is_auto_number")
 VALUES ('d49f3648-6851-44b6-b744-0e029696554c', 
'07ca1776-4101-42eb-a281-1beeedd22eca', 
'attachmentName', 
'attachmentname', 
30, 
200, 
'', 
false);
INSERT INTO "mendixsystem$attribute" ("id", 
"entity_id", 
"attribute_name", 
"column_name", 
"type", 
"length", 
"default_value", 
"is_auto_number")
 VALUES ('4bbff439-9f5b-4a6e-aeef-255af4aacb55', 
'07ca1776-4101-42eb-a281-1beeedd22eca', 
'attachmentSize', 
'attachmentsize', 
3, 
0, 
'0', 
false);
INSERT INTO "mendixsystem$attribute" ("id", 
"entity_id", 
"attribute_name", 
"column_name", 
"type", 
"length", 
"default_value", 
"is_auto_number")
 VALUES ('93e64499-800c-417d-a5f3-92ea25a5508d', 
'07ca1776-4101-42eb-a281-1beeedd22eca', 
'attachmentContentType', 
'attachmentcontenttype', 
30, 
200, 
'', 
false);
INSERT INTO "mendixsystem$attribute" ("id", 
"entity_id", 
"attribute_name", 
"column_name", 
"type", 
"length", 
"default_value", 
"is_auto_number")
 VALUES ('05210117-1e8d-4548-a24f-0915141cb3bb', 
'07ca1776-4101-42eb-a281-1beeedd22eca', 
'Position', 
'position', 
40, 
10, 
'', 
false);
CREATE TABLE "email_connector$attachment_emailmessage" (
	"email_connector$attachmentid" BIGINT NOT NULL,
	"email_connector$emailmessageid" BIGINT NOT NULL,
	PRIMARY KEY("email_connector$attachmentid","email_connector$emailmessageid"),
	CONSTRAINT "uniq_email_connector$attachment_emailmessage_email_connector$attachmentid" UNIQUE ("email_connector$attachmentid"));
CREATE INDEX "idx_email_connector$attachment_emailmessage_email_connector$emailmessage_email_connector$attachment" ON "email_connector$attachment_emailmessage" ("email_connector$emailmessageid" ASC,"email_connector$attachmentid" ASC);
INSERT INTO "mendixsystem$association" ("id", 
"association_name", 
"table_name", 
"parent_entity_id", 
"child_entity_id", 
"parent_column_name", 
"child_column_name", 
"index_name")
 VALUES ('768df8bd-1132-4d44-a8ad-dcdbf23cab19', 
'Email_Connector.Attachment_EmailMessage', 
'email_connector$attachment_emailmessage', 
'07ca1776-4101-42eb-a281-1beeedd22eca', 
'3ede1791-cd30-4ca9-a5d1-3a592322a264', 
'email_connector$attachmentid', 
'email_connector$emailmessageid', 
'idx_email_connector$attachment_emailmessage_email_connector$emailmessage_email_connector$attachment');
INSERT INTO "mendixsystem$unique_constraint" ("name", 
"table_id", 
"column_id")
 VALUES ('uniq_email_connector$attachment_emailmessage_email_connector$attachmentid', 
'768df8bd-1132-4d44-a8ad-dcdbf23cab19', 
'39713715-625e-32f3-b87c-11d0491106f0');
CREATE TABLE "email_connector$attachment_emailtemplate" (
	"email_connector$attachmentid" BIGINT NOT NULL,
	"email_connector$emailtemplateid" BIGINT NOT NULL,
	PRIMARY KEY("email_connector$attachmentid","email_connector$emailtemplateid"),
	CONSTRAINT "uniq_email_connector$attachment_emailtemplate_email_connector$attachmentid" UNIQUE ("email_connector$attachmentid"));
CREATE INDEX "idx_email_connector$attachment_emailtemplate_email_connector$emailtemplate_email_connector$attachment" ON "email_connector$attachment_emailtemplate" ("email_connector$emailtemplateid" ASC,"email_connector$attachmentid" ASC);
INSERT INTO "mendixsystem$association" ("id", 
"association_name", 
"table_name", 
"parent_entity_id", 
"child_entity_id", 
"parent_column_name", 
"child_column_name", 
"index_name")
 VALUES ('9a11e7b6-1976-4e2e-9141-6c0ed6c54e31', 
'Email_Connector.Attachment_EmailTemplate', 
'email_connector$attachment_emailtemplate', 
'07ca1776-4101-42eb-a281-1beeedd22eca', 
'0cbf6cd5-1bc5-4263-b48e-3dc60c51eda2', 
'email_connector$attachmentid', 
'email_connector$emailtemplateid', 
'idx_email_connector$attachment_emailtemplate_email_connector$emailtemplate_email_connector$attachment');
INSERT INTO "mendixsystem$unique_constraint" ("name", 
"table_id", 
"column_id")
 VALUES ('uniq_email_connector$attachment_emailtemplate_email_connector$attachmentid', 
'9a11e7b6-1976-4e2e-9141-6c0ed6c54e31', 
'3aaa30f7-edad-367e-9596-e4043681400c');
CREATE TABLE "email_connector$ldapconfiguration" (
	"id" BIGINT NOT NULL,
	"ldaphost" VARCHAR_IGNORECASE(200) NULL,
	"ldapport" INT NULL,
	"ldapusername" VARCHAR_IGNORECASE(200) NULL,
	"ldappassword" VARCHAR_IGNORECASE(200) NULL,
	"isssl" BOOLEAN NULL,
	"basedn" VARCHAR_IGNORECASE(200) NULL,
	"authtype" VARCHAR_IGNORECASE(6) NULL,
	"createddate" TIMESTAMP NULL,
	"changeddate" TIMESTAMP NULL,
	"system$owner" BIGINT NULL,
	"system$changedby" BIGINT NULL,
	PRIMARY KEY("id"));
CREATE INDEX "idx_email_connector$ldapconfiguration_system$owner" ON "email_connector$ldapconfiguration" ("system$owner" ASC,"id" ASC);
CREATE INDEX "idx_email_connector$ldapconfiguration_system$changedby" ON "email_connector$ldapconfiguration" ("system$changedby" ASC,"id" ASC);
INSERT INTO "mendixsystem$entity" ("id", 
"entity_name", 
"table_name", 
"remote", 
"remote_primary_key")
 VALUES ('19b5baab-6525-4fa9-98d3-c69bd9a3fe56', 
'Email_Connector.LDAPConfiguration', 
'email_connector$ldapconfiguration', 
false, 
false);
INSERT INTO "mendixsystem$attribute" ("id", 
"entity_id", 
"attribute_name", 
"column_name", 
"type", 
"length", 
"default_value", 
"is_auto_number")
 VALUES ('896a8694-c24e-4929-92c5-de706929e797', 
'19b5baab-6525-4fa9-98d3-c69bd9a3fe56', 
'LDAPHost', 
'ldaphost', 
30, 
200, 
'', 
false);
INSERT INTO "mendixsystem$attribute" ("id", 
"entity_id", 
"attribute_name", 
"column_name", 
"type", 
"length", 
"default_value", 
"is_auto_number")
 VALUES ('7b7d0d66-1aa8-4835-aa9f-cbffb7bbf9e1', 
'19b5baab-6525-4fa9-98d3-c69bd9a3fe56', 
'LDAPPort', 
'ldapport', 
3, 
0, 
'389', 
false);
INSERT INTO "mendixsystem$attribute" ("id", 
"entity_id", 
"attribute_name", 
"column_name", 
"type", 
"length", 
"default_value", 
"is_auto_number")
 VALUES ('ba6f2f27-12a9-4d9a-8d65-36bbf9604e0f', 
'19b5baab-6525-4fa9-98d3-c69bd9a3fe56', 
'LDAPUsername', 
'ldapusername', 
30, 
200, 
'', 
false);
INSERT INTO "mendixsystem$attribute" ("id", 
"entity_id", 
"attribute_name", 
"column_name", 
"type", 
"length", 
"default_value", 
"is_auto_number")
 VALUES ('e318ef94-72fe-4cf0-ae3c-31a66f418f19', 
'19b5baab-6525-4fa9-98d3-c69bd9a3fe56', 
'LDAPPassword', 
'ldappassword', 
30, 
200, 
'', 
false);
INSERT INTO "mendixsystem$attribute" ("id", 
"entity_id", 
"attribute_name", 
"column_name", 
"type", 
"length", 
"default_value", 
"is_auto_number")
 VALUES ('c6f1067e-5569-4d23-a049-209e65b6520a', 
'19b5baab-6525-4fa9-98d3-c69bd9a3fe56', 
'isSSL', 
'isssl', 
10, 
0, 
'false', 
false);
INSERT INTO "mendixsystem$attribute" ("id", 
"entity_id", 
"attribute_name", 
"column_name", 
"type", 
"length", 
"default_value", 
"is_auto_number")
 VALUES ('caf15f4d-d907-4680-99c5-e4c0b7af2b99', 
'19b5baab-6525-4fa9-98d3-c69bd9a3fe56', 
'BaseDN', 
'basedn', 
30, 
200, 
'', 
false);
INSERT INTO "mendixsystem$attribute" ("id", 
"entity_id", 
"attribute_name", 
"column_name", 
"type", 
"length", 
"default_value", 
"is_auto_number")
 VALUES ('b1cc212f-3c1a-46f8-bf79-48d2b47fc97f', 
'19b5baab-6525-4fa9-98d3-c69bd9a3fe56', 
'AuthType', 
'authtype', 
40, 
6, 
'none', 
false);
INSERT INTO "mendixsystem$attribute" ("id", 
"entity_id", 
"attribute_name", 
"column_name", 
"type", 
"length", 
"default_value", 
"is_auto_number")
 VALUES ('b1cff536-026c-375b-ba1a-2057c13715cb', 
'19b5baab-6525-4fa9-98d3-c69bd9a3fe56', 
'createdDate', 
'createddate', 
20, 
0, 
'', 
false);
INSERT INTO "mendixsystem$attribute" ("id", 
"entity_id", 
"attribute_name", 
"column_name", 
"type", 
"length", 
"default_value", 
"is_auto_number")
 VALUES ('a9f01f84-3978-376f-b847-4902a030ba19', 
'19b5baab-6525-4fa9-98d3-c69bd9a3fe56', 
'changedDate', 
'changeddate', 
20, 
0, 
'', 
false);
INSERT INTO "mendixsystem$index" ("id", 
"table_id", 
"index_name")
 VALUES ('36a82a3b-2acc-338c-a5f6-e45dd6a8fd60', 
'19b5baab-6525-4fa9-98d3-c69bd9a3fe56', 
'idx_email_connector$ldapconfiguration_system$owner');
INSERT INTO "mendixsystem$index_column" ("index_id", 
"column_id", 
"sort_order", 
"ordinal")
 VALUES ('36a82a3b-2acc-338c-a5f6-e45dd6a8fd60', 
'b8bf1ec2-03b4-34f4-bec1-134acd176325', 
false, 
0);
INSERT INTO "mendixsystem$index" ("id", 
"table_id", 
"index_name")
 VALUES ('659636d9-e939-3736-ab57-35e3ddfac94a', 
'19b5baab-6525-4fa9-98d3-c69bd9a3fe56', 
'idx_email_connector$ldapconfiguration_system$changedby');
INSERT INTO "mendixsystem$index_column" ("index_id", 
"column_id", 
"sort_order", 
"ordinal")
 VALUES ('659636d9-e939-3736-ab57-35e3ddfac94a', 
'9bfed1b9-41ca-391a-9881-b0b8d8a81427', 
false, 
0);
INSERT INTO "mendixsystem$association" ("id", 
"association_name", 
"table_name", 
"parent_entity_id", 
"child_entity_id", 
"parent_column_name", 
"child_column_name")
 VALUES ('b8bf1ec2-03b4-34f4-bec1-134acd176325', 
'System.owner', 
'system$owner', 
'19b5baab-6525-4fa9-98d3-c69bd9a3fe56', 
'282e2e60-88a5-469d-84a5-ba8d9151644f', 
'id', 
'system$owner');
INSERT INTO "mendixsystem$association" ("id", 
"association_name", 
"table_name", 
"parent_entity_id", 
"child_entity_id", 
"parent_column_name", 
"child_column_name")
 VALUES ('9bfed1b9-41ca-391a-9881-b0b8d8a81427', 
'System.changedBy', 
'system$changedby', 
'19b5baab-6525-4fa9-98d3-c69bd9a3fe56', 
'282e2e60-88a5-469d-84a5-ba8d9151644f', 
'id', 
'system$changedby');
CREATE TABLE "email_connector$emailaccount" (
	"id" BIGINT NOT NULL,
	"username" VARCHAR_IGNORECASE(200) NULL,
	"mailaddress" VARCHAR_IGNORECASE(200) NULL,
	"password" VARCHAR_IGNORECASE(2147483647) NULL,
	"timeout" INT NULL,
	"sanitizeemailbodyforxssscript" BOOLEAN NULL,
	"isp12configured" BOOLEAN NULL,
	"isldapconfigured" BOOLEAN NULL,
	"isincomingemailconfigured" BOOLEAN NULL,
	"isoutgoingemailconfigured" BOOLEAN NULL,
	"fromdisplayname" VARCHAR_IGNORECASE(200) NULL,
	"usesslcheckserveridentity" BOOLEAN NULL,
	"issharedmailbox" BOOLEAN NULL,
	"isoauthused" BOOLEAN NULL,
	"isemailconfigautodetect" BOOLEAN NULL,
	"composeemail" BOOLEAN NULL,
	"createddate" TIMESTAMP NULL,
	"changeddate" TIMESTAMP NULL,
	"system$owner" BIGINT NULL,
	"system$changedby" BIGINT NULL,
	PRIMARY KEY("id"));
CREATE INDEX "idx_email_connector$emailaccount_system$owner" ON "email_connector$emailaccount" ("system$owner" ASC,"id" ASC);
CREATE INDEX "idx_email_connector$emailaccount_system$changedby" ON "email_connector$emailaccount" ("system$changedby" ASC,"id" ASC);
INSERT INTO "mendixsystem$entity" ("id", 
"entity_name", 
"table_name", 
"remote", 
"remote_primary_key")
 VALUES ('0b02802a-37a3-45ac-ab26-2a3921d52fbe', 
'Email_Connector.EmailAccount', 
'email_connector$emailaccount', 
false, 
false);
INSERT INTO "mendixsystem$attribute" ("id", 
"entity_id", 
"attribute_name", 
"column_name", 
"type", 
"length", 
"default_value", 
"is_auto_number")
 VALUES ('2f8772fc-46d3-405d-9298-e2bfb5795ba3', 
'0b02802a-37a3-45ac-ab26-2a3921d52fbe', 
'Username', 
'username', 
30, 
200, 
'', 
false);
INSERT INTO "mendixsystem$attribute" ("id", 
"entity_id", 
"attribute_name", 
"column_name", 
"type", 
"length", 
"default_value", 
"is_auto_number")
 VALUES ('480a00b2-91ad-43eb-84f5-318a2528843e', 
'0b02802a-37a3-45ac-ab26-2a3921d52fbe', 
'MailAddress', 
'mailaddress', 
30, 
200, 
'', 
false);
INSERT INTO "mendixsystem$attribute" ("id", 
"entity_id", 
"attribute_name", 
"column_name", 
"type", 
"length", 
"default_value", 
"is_auto_number")
 VALUES ('8e494650-4847-4d3b-83bc-02d885ffbad7', 
'0b02802a-37a3-45ac-ab26-2a3921d52fbe', 
'Password', 
'password', 
30, 
0, 
'', 
false);
INSERT INTO "mendixsystem$attribute" ("id", 
"entity_id", 
"attribute_name", 
"column_name", 
"type", 
"length", 
"default_value", 
"is_auto_number")
 VALUES ('ddb7c3b8-3855-43d3-bd3d-1f0503abe89e', 
'0b02802a-37a3-45ac-ab26-2a3921d52fbe', 
'Timeout', 
'timeout', 
3, 
0, 
'20000', 
false);
INSERT INTO "mendixsystem$attribute" ("id", 
"entity_id", 
"attribute_name", 
"column_name", 
"type", 
"length", 
"default_value", 
"is_auto_number")
 VALUES ('3bb7203d-bb70-4d1a-89a9-ff4cc08fcc19', 
'0b02802a-37a3-45ac-ab26-2a3921d52fbe', 
'sanitizeEmailBodyForXSSScript', 
'sanitizeemailbodyforxssscript', 
10, 
0, 
'false', 
false);
INSERT INTO "mendixsystem$attribute" ("id", 
"entity_id", 
"attribute_name", 
"column_name", 
"type", 
"length", 
"default_value", 
"is_auto_number")
 VALUES ('91faa3f4-dab9-4b38-bf9a-d39e92a846ea', 
'0b02802a-37a3-45ac-ab26-2a3921d52fbe', 
'isP12Configured', 
'isp12configured', 
10, 
0, 
'false', 
false);
INSERT INTO "mendixsystem$attribute" ("id", 
"entity_id", 
"attribute_name", 
"column_name", 
"type", 
"length", 
"default_value", 
"is_auto_number")
 VALUES ('9808f872-df52-4af2-880f-6005367c2b3d', 
'0b02802a-37a3-45ac-ab26-2a3921d52fbe', 
'isLDAPConfigured', 
'isldapconfigured', 
10, 
0, 
'false', 
false);
INSERT INTO "mendixsystem$attribute" ("id", 
"entity_id", 
"attribute_name", 
"column_name", 
"type", 
"length", 
"default_value", 
"is_auto_number")
 VALUES ('740a75f2-6927-4d5c-82af-b3fd1810f468', 
'0b02802a-37a3-45ac-ab26-2a3921d52fbe', 
'isIncomingEmailConfigured', 
'isincomingemailconfigured', 
10, 
0, 
'false', 
false);
INSERT INTO "mendixsystem$attribute" ("id", 
"entity_id", 
"attribute_name", 
"column_name", 
"type", 
"length", 
"default_value", 
"is_auto_number")
 VALUES ('458f39fd-8fa0-41f1-846d-edd4bc10f525', 
'0b02802a-37a3-45ac-ab26-2a3921d52fbe', 
'isOutgoingEmailConfigured', 
'isoutgoingemailconfigured', 
10, 
0, 
'false', 
false);
INSERT INTO "mendixsystem$attribute" ("id", 
"entity_id", 
"attribute_name", 
"column_name", 
"type", 
"length", 
"default_value", 
"is_auto_number")
 VALUES ('746f87ff-344f-4d6b-ac27-a4970a942be1', 
'0b02802a-37a3-45ac-ab26-2a3921d52fbe', 
'FromDisplayName', 
'fromdisplayname', 
30, 
200, 
'', 
false);
INSERT INTO "mendixsystem$attribute" ("id", 
"entity_id", 
"attribute_name", 
"column_name", 
"type", 
"length", 
"default_value", 
"is_auto_number")
 VALUES ('3f7e1932-29d4-411b-858e-1cfe02501dcf', 
'0b02802a-37a3-45ac-ab26-2a3921d52fbe', 
'UseSSLCheckServerIdentity', 
'usesslcheckserveridentity', 
10, 
0, 
'false', 
false);
INSERT INTO "mendixsystem$attribute" ("id", 
"entity_id", 
"attribute_name", 
"column_name", 
"type", 
"length", 
"default_value", 
"is_auto_number")
 VALUES ('d9bef028-c79c-44b8-9776-bc26aefd8d2a', 
'0b02802a-37a3-45ac-ab26-2a3921d52fbe', 
'IsSharedMailbox', 
'issharedmailbox', 
10, 
0, 
'false', 
false);
INSERT INTO "mendixsystem$attribute" ("id", 
"entity_id", 
"attribute_name", 
"column_name", 
"type", 
"length", 
"default_value", 
"is_auto_number")
 VALUES ('06326af6-735d-43c9-a467-88b31077fc2d', 
'0b02802a-37a3-45ac-ab26-2a3921d52fbe', 
'isOAuthUsed', 
'isoauthused', 
10, 
0, 
'false', 
false);
INSERT INTO "mendixsystem$attribute" ("id", 
"entity_id", 
"attribute_name", 
"column_name", 
"type", 
"length", 
"default_value", 
"is_auto_number")
 VALUES ('24f5428a-4ddc-481f-98ff-5dfeac663531', 
'0b02802a-37a3-45ac-ab26-2a3921d52fbe', 
'isEmailConfigAutoDetect', 
'isemailconfigautodetect', 
10, 
0, 
'true', 
false);
INSERT INTO "mendixsystem$attribute" ("id", 
"entity_id", 
"attribute_name", 
"column_name", 
"type", 
"length", 
"default_value", 
"is_auto_number")
 VALUES ('b1f34839-312c-4cd4-94db-d435d990d758', 
'0b02802a-37a3-45ac-ab26-2a3921d52fbe', 
'ComposeEmail', 
'composeemail', 
10, 
0, 
'false', 
false);
INSERT INTO "mendixsystem$attribute" ("id", 
"entity_id", 
"attribute_name", 
"column_name", 
"type", 
"length", 
"default_value", 
"is_auto_number")
 VALUES ('ec283f7d-8901-35c8-ac78-5ccca5f4b9b5', 
'0b02802a-37a3-45ac-ab26-2a3921d52fbe', 
'createdDate', 
'createddate', 
20, 
0, 
'', 
false);
INSERT INTO "mendixsystem$attribute" ("id", 
"entity_id", 
"attribute_name", 
"column_name", 
"type", 
"length", 
"default_value", 
"is_auto_number")
 VALUES ('d288e5dc-84e5-3efd-a7a3-d8dca47bf50c', 
'0b02802a-37a3-45ac-ab26-2a3921d52fbe', 
'changedDate', 
'changeddate', 
20, 
0, 
'', 
false);
INSERT INTO "mendixsystem$index" ("id", 
"table_id", 
"index_name")
 VALUES ('9ab153f1-61e4-388b-9945-b6758f7ff2b1', 
'0b02802a-37a3-45ac-ab26-2a3921d52fbe', 
'idx_email_connector$emailaccount_system$owner');
INSERT INTO "mendixsystem$index_column" ("index_id", 
"column_id", 
"sort_order", 
"ordinal")
 VALUES ('9ab153f1-61e4-388b-9945-b6758f7ff2b1', 
'35bad1c6-5e25-33a2-b59e-1080cf6eac0d', 
false, 
0);
INSERT INTO "mendixsystem$index" ("id", 
"table_id", 
"index_name")
 VALUES ('f64eeb3a-59f2-39f9-8226-e009f4991389', 
'0b02802a-37a3-45ac-ab26-2a3921d52fbe', 
'idx_email_connector$emailaccount_system$changedby');
INSERT INTO "mendixsystem$index_column" ("index_id", 
"column_id", 
"sort_order", 
"ordinal")
 VALUES ('f64eeb3a-59f2-39f9-8226-e009f4991389', 
'f4ac8f80-8a0d-393b-a408-d6d676ca4a18', 
false, 
0);
INSERT INTO "mendixsystem$association" ("id", 
"association_name", 
"table_name", 
"parent_entity_id", 
"child_entity_id", 
"parent_column_name", 
"child_column_name")
 VALUES ('35bad1c6-5e25-33a2-b59e-1080cf6eac0d', 
'System.owner', 
'system$owner', 
'0b02802a-37a3-45ac-ab26-2a3921d52fbe', 
'282e2e60-88a5-469d-84a5-ba8d9151644f', 
'id', 
'system$owner');
INSERT INTO "mendixsystem$association" ("id", 
"association_name", 
"table_name", 
"parent_entity_id", 
"child_entity_id", 
"parent_column_name", 
"child_column_name")
 VALUES ('f4ac8f80-8a0d-393b-a408-d6d676ca4a18', 
'System.changedBy', 
'system$changedby', 
'0b02802a-37a3-45ac-ab26-2a3921d52fbe', 
'282e2e60-88a5-469d-84a5-ba8d9151644f', 
'id', 
'system$changedby');
CREATE TABLE "email_connector$emailaccount_ldapconfiguration" (
	"email_connector$emailaccountid" BIGINT NOT NULL,
	"email_connector$ldapconfigurationid" BIGINT NOT NULL,
	PRIMARY KEY("email_connector$emailaccountid","email_connector$ldapconfigurationid"),
	CONSTRAINT "uniq_email_connector$emailaccount_ldapconfiguration_email_connector$ldapconfigurationid" UNIQUE ("email_connector$ldapconfigurationid"),
	CONSTRAINT "uniq_email_connector$emailaccount_ldapconfiguration_email_connector$emailaccountid" UNIQUE ("email_connector$emailaccountid"));
CREATE INDEX "idx_email_connector$emailaccount_ldapconfiguration_email_connector$ldapconfiguration_email_connector$emailaccount" ON "email_connector$emailaccount_ldapconfiguration" ("email_connector$ldapconfigurationid" ASC,"email_connector$emailaccountid" ASC);
INSERT INTO "mendixsystem$association" ("id", 
"association_name", 
"table_name", 
"parent_entity_id", 
"child_entity_id", 
"parent_column_name", 
"child_column_name", 
"index_name")
 VALUES ('70378999-1b65-4bb2-8f13-115fd47f7598', 
'Email_Connector.EmailAccount_LDAPConfiguration', 
'email_connector$emailaccount_ldapconfiguration', 
'0b02802a-37a3-45ac-ab26-2a3921d52fbe', 
'19b5baab-6525-4fa9-98d3-c69bd9a3fe56', 
'email_connector$emailaccountid', 
'email_connector$ldapconfigurationid', 
'idx_email_connector$emailaccount_ldapconfiguration_email_connector$ldapconfiguration_email_connector$emailaccount');
INSERT INTO "mendixsystem$unique_constraint" ("name", 
"table_id", 
"column_id")
 VALUES ('uniq_email_connector$emailaccount_ldapconfiguration_email_connector$ldapconfigurationid', 
'70378999-1b65-4bb2-8f13-115fd47f7598', 
'57972c0d-b206-3e04-8f97-9db5d99d8684');
INSERT INTO "mendixsystem$unique_constraint" ("name", 
"table_id", 
"column_id")
 VALUES ('uniq_email_connector$emailaccount_ldapconfiguration_email_connector$emailaccountid', 
'70378999-1b65-4bb2-8f13-115fd47f7598', 
'fbb77f02-9fe2-30f7-b5fb-cd755c2d3866');
CREATE TABLE "email_connector$emailaccount_oauthtoken" (
	"email_connector$emailaccountid" BIGINT NOT NULL,
	"email_connector$oauthtokenid" BIGINT NOT NULL,
	PRIMARY KEY("email_connector$emailaccountid","email_connector$oauthtokenid"),
	CONSTRAINT "uniq_email_connector$emailaccount_oauthtoken_email_connector$oauthtokenid" UNIQUE ("email_connector$oauthtokenid"),
	CONSTRAINT "uniq_email_connector$emailaccount_oauthtoken_email_connector$emailaccountid" UNIQUE ("email_connector$emailaccountid"));
CREATE INDEX "idx_email_connector$emailaccount_oauthtoken_email_connector$oauthtoken_email_connector$emailaccount" ON "email_connector$emailaccount_oauthtoken" ("email_connector$oauthtokenid" ASC,"email_connector$emailaccountid" ASC);
INSERT INTO "mendixsystem$association" ("id", 
"association_name", 
"table_name", 
"parent_entity_id", 
"child_entity_id", 
"parent_column_name", 
"child_column_name", 
"index_name")
 VALUES ('e28a6fbb-6db5-409b-8ac5-a4f9ac3f3394', 
'Email_Connector.EmailAccount_OAuthToken', 
'email_connector$emailaccount_oauthtoken', 
'0b02802a-37a3-45ac-ab26-2a3921d52fbe', 
'90b91a7e-a3db-4c4c-aae7-d84292ca5729', 
'email_connector$emailaccountid', 
'email_connector$oauthtokenid', 
'idx_email_connector$emailaccount_oauthtoken_email_connector$oauthtoken_email_connector$emailaccount');
INSERT INTO "mendixsystem$unique_constraint" ("name", 
"table_id", 
"column_id")
 VALUES ('uniq_email_connector$emailaccount_oauthtoken_email_connector$oauthtokenid', 
'e28a6fbb-6db5-409b-8ac5-a4f9ac3f3394', 
'0249165e-8547-34dc-bb4e-b584022bf36d');
INSERT INTO "mendixsystem$unique_constraint" ("name", 
"table_id", 
"column_id")
 VALUES ('uniq_email_connector$emailaccount_oauthtoken_email_connector$emailaccountid', 
'e28a6fbb-6db5-409b-8ac5-a4f9ac3f3394', 
'7b315310-cf2c-388f-bbc1-d1d74fd5deeb');
CREATE TABLE "email_connector$emailaccount_oauthprovider" (
	"email_connector$emailaccountid" BIGINT NOT NULL,
	"email_connector$oauthproviderid" BIGINT NOT NULL,
	PRIMARY KEY("email_connector$emailaccountid","email_connector$oauthproviderid"),
	CONSTRAINT "uniq_email_connector$emailaccount_oauthprovider_email_connector$emailaccountid" UNIQUE ("email_connector$emailaccountid"));
CREATE INDEX "idx_email_connector$emailaccount_oauthprovider_email_connector$oauthprovider_email_connector$emailaccount" ON "email_connector$emailaccount_oauthprovider" ("email_connector$oauthproviderid" ASC,"email_connector$emailaccountid" ASC);
INSERT INTO "mendixsystem$association" ("id", 
"association_name", 
"table_name", 
"parent_entity_id", 
"child_entity_id", 
"parent_column_name", 
"child_column_name", 
"index_name")
 VALUES ('93e5d3a5-33d2-4785-9d93-f5824c99ef37', 
'Email_Connector.EmailAccount_OAuthProvider', 
'email_connector$emailaccount_oauthprovider', 
'0b02802a-37a3-45ac-ab26-2a3921d52fbe', 
'ec69867b-b283-47b5-aed7-fd91272f4962', 
'email_connector$emailaccountid', 
'email_connector$oauthproviderid', 
'idx_email_connector$emailaccount_oauthprovider_email_connector$oauthprovider_email_connector$emailaccount');
INSERT INTO "mendixsystem$unique_constraint" ("name", 
"table_id", 
"column_id")
 VALUES ('uniq_email_connector$emailaccount_oauthprovider_email_connector$emailaccountid', 
'93e5d3a5-33d2-4785-9d93-f5824c99ef37', 
'51a4c010-91ed-3982-82b4-4868b6c7d06a');
CREATE TABLE "email_connector$scopeselected" (
	"id" BIGINT NOT NULL,
	"scopestring" VARCHAR_IGNORECASE(1000) NULL,
	PRIMARY KEY("id"));
INSERT INTO "mendixsystem$entity" ("id", 
"entity_name", 
"table_name", 
"remote", 
"remote_primary_key")
 VALUES ('f8763be0-e9e5-4ade-acde-f54527c3f1db', 
'Email_Connector.ScopeSelected', 
'email_connector$scopeselected', 
false, 
false);
INSERT INTO "mendixsystem$attribute" ("id", 
"entity_id", 
"attribute_name", 
"column_name", 
"type", 
"length", 
"default_value", 
"is_auto_number")
 VALUES ('c867af39-e40d-41f4-b9c6-a70aa6835304', 
'f8763be0-e9e5-4ade-acde-f54527c3f1db', 
'ScopeString', 
'scopestring', 
30, 
1000, 
'', 
false);
CREATE TABLE "email_connector$scopeselected_oauthprovider" (
	"email_connector$scopeselectedid" BIGINT NOT NULL,
	"email_connector$oauthproviderid" BIGINT NOT NULL,
	PRIMARY KEY("email_connector$scopeselectedid","email_connector$oauthproviderid"),
	CONSTRAINT "uniq_email_connector$scopeselected_oauthprovider_email_connector$scopeselectedid" UNIQUE ("email_connector$scopeselectedid"));
CREATE INDEX "idx_email_connector$scopeselected_oauthprovider_email_connector$oauthprovider_email_connector$scopeselected" ON "email_connector$scopeselected_oauthprovider" ("email_connector$oauthproviderid" ASC,"email_connector$scopeselectedid" ASC);
INSERT INTO "mendixsystem$association" ("id", 
"association_name", 
"table_name", 
"parent_entity_id", 
"child_entity_id", 
"parent_column_name", 
"child_column_name", 
"index_name")
 VALUES ('528cdcc0-129e-45fe-a9f5-e184f90279f5', 
'Email_Connector.ScopeSelected_OAuthProvider', 
'email_connector$scopeselected_oauthprovider', 
'f8763be0-e9e5-4ade-acde-f54527c3f1db', 
'ec69867b-b283-47b5-aed7-fd91272f4962', 
'email_connector$scopeselectedid', 
'email_connector$oauthproviderid', 
'idx_email_connector$scopeselected_oauthprovider_email_connector$oauthprovider_email_connector$scopeselected');
INSERT INTO "mendixsystem$unique_constraint" ("name", 
"table_id", 
"column_id")
 VALUES ('uniq_email_connector$scopeselected_oauthprovider_email_connector$scopeselectedid', 
'528cdcc0-129e-45fe-a9f5-e184f90279f5', 
'cd11623f-5ff1-361e-bc1e-bed9caa87f21');
CREATE TABLE "email_connector$oauthnonce" (
	"id" BIGINT NOT NULL,
	"state" VARCHAR_IGNORECASE(200) NULL,
	PRIMARY KEY("id"));
INSERT INTO "mendixsystem$entity" ("id", 
"entity_name", 
"table_name", 
"remote", 
"remote_primary_key")
 VALUES ('b94129b9-9dd0-40e1-a425-e260cac77154', 
'Email_Connector.OAuthNonce', 
'email_connector$oauthnonce', 
false, 
false);
INSERT INTO "mendixsystem$attribute" ("id", 
"entity_id", 
"attribute_name", 
"column_name", 
"type", 
"length", 
"default_value", 
"is_auto_number")
 VALUES ('39991d14-18aa-4cb4-9e94-929b690f3df5', 
'b94129b9-9dd0-40e1-a425-e260cac77154', 
'State', 
'state', 
30, 
200, 
'', 
false);
CREATE TABLE "email_connector$oauthnonce_emailaccount" (
	"email_connector$oauthnonceid" BIGINT NOT NULL,
	"email_connector$emailaccountid" BIGINT NOT NULL,
	PRIMARY KEY("email_connector$oauthnonceid","email_connector$emailaccountid"),
	CONSTRAINT "uniq_email_connector$oauthnonce_emailaccount_email_connector$oauthnonceid" UNIQUE ("email_connector$oauthnonceid"));
CREATE INDEX "idx_email_connector$oauthnonce_emailaccount_email_connector$emailaccount_email_connector$oauthnonce" ON "email_connector$oauthnonce_emailaccount" ("email_connector$emailaccountid" ASC,"email_connector$oauthnonceid" ASC);
INSERT INTO "mendixsystem$association" ("id", 
"association_name", 
"table_name", 
"parent_entity_id", 
"child_entity_id", 
"parent_column_name", 
"child_column_name", 
"index_name")
 VALUES ('a91e799d-401d-4c18-94b9-7aaab42bfa0e', 
'Email_Connector.OAuthNonce_EmailAccount', 
'email_connector$oauthnonce_emailaccount', 
'b94129b9-9dd0-40e1-a425-e260cac77154', 
'0b02802a-37a3-45ac-ab26-2a3921d52fbe', 
'email_connector$oauthnonceid', 
'email_connector$emailaccountid', 
'idx_email_connector$oauthnonce_emailaccount_email_connector$emailaccount_email_connector$oauthnonce');
INSERT INTO "mendixsystem$unique_constraint" ("name", 
"table_id", 
"column_id")
 VALUES ('uniq_email_connector$oauthnonce_emailaccount_email_connector$oauthnonceid', 
'a91e799d-401d-4c18-94b9-7aaab42bfa0e', 
'1c9124d6-8b65-3601-b2a9-50325bffb381');
CREATE TABLE "email_connector$querystring" (
	"id" BIGINT NOT NULL,
	"param" VARCHAR_IGNORECASE(1000) NULL,
	PRIMARY KEY("id"));
INSERT INTO "mendixsystem$entity" ("id", 
"entity_name", 
"table_name", 
"remote", 
"remote_primary_key")
 VALUES ('e3b6ac55-4618-447a-bae7-58b7677d02f4', 
'Email_Connector.QueryString', 
'email_connector$querystring', 
false, 
false);
INSERT INTO "mendixsystem$attribute" ("id", 
"entity_id", 
"attribute_name", 
"column_name", 
"type", 
"length", 
"default_value", 
"is_auto_number")
 VALUES ('72b01524-c5ea-4717-8373-18b026acf0d0', 
'e3b6ac55-4618-447a-bae7-58b7677d02f4', 
'Param', 
'param', 
30, 
1000, 
'', 
false);
CREATE TABLE "email_connector$querystring_oauthprovider" (
	"email_connector$querystringid" BIGINT NOT NULL,
	"email_connector$oauthproviderid" BIGINT NOT NULL,
	PRIMARY KEY("email_connector$querystringid","email_connector$oauthproviderid"),
	CONSTRAINT "uniq_email_connector$querystring_oauthprovider_email_connector$querystringid" UNIQUE ("email_connector$querystringid"));
CREATE INDEX "idx_email_connector$querystring_oauthprovider_email_connector$oauthprovider_email_connector$querystring" ON "email_connector$querystring_oauthprovider" ("email_connector$oauthproviderid" ASC,"email_connector$querystringid" ASC);
INSERT INTO "mendixsystem$association" ("id", 
"association_name", 
"table_name", 
"parent_entity_id", 
"child_entity_id", 
"parent_column_name", 
"child_column_name", 
"index_name")
 VALUES ('403f0101-f71a-456d-b25c-d9d73a18af3e', 
'Email_Connector.QueryString_OAuthProvider', 
'email_connector$querystring_oauthprovider', 
'e3b6ac55-4618-447a-bae7-58b7677d02f4', 
'ec69867b-b283-47b5-aed7-fd91272f4962', 
'email_connector$querystringid', 
'email_connector$oauthproviderid', 
'idx_email_connector$querystring_oauthprovider_email_connector$oauthprovider_email_connector$querystring');
INSERT INTO "mendixsystem$unique_constraint" ("name", 
"table_id", 
"column_id")
 VALUES ('uniq_email_connector$querystring_oauthprovider_email_connector$querystringid', 
'403f0101-f71a-456d-b25c-d9d73a18af3e', 
'f056c4c5-b4f1-3241-a954-065a5eaf4cc9');
CREATE TABLE "email_connector$pk12certificate" (
	"id" BIGINT NOT NULL,
	"passphrase" VARCHAR_IGNORECASE(200) NULL,
	PRIMARY KEY("id"));
INSERT INTO "mendixsystem$entity" ("id", 
"entity_name", 
"table_name", 
"superentity_id", 
"remote", 
"remote_primary_key")
 VALUES ('a313d851-b953-4188-b711-e6bc2fffef60', 
'Email_Connector.Pk12Certificate', 
'email_connector$pk12certificate', 
'170ce49d-f29c-4fac-99a6-b55e8a3aeb39', 
false, 
false);
INSERT INTO "mendixsystem$attribute" ("id", 
"entity_id", 
"attribute_name", 
"column_name", 
"type", 
"length", 
"default_value", 
"is_auto_number")
 VALUES ('c19cd678-78e4-4a03-8a79-678c07e212a5', 
'a313d851-b953-4188-b711-e6bc2fffef60', 
'Passphrase', 
'passphrase', 
30, 
200, 
'', 
false);
CREATE TABLE "email_connector$pk12certificate_emailaccount" (
	"email_connector$pk12certificateid" BIGINT NOT NULL,
	"email_connector$emailaccountid" BIGINT NOT NULL,
	PRIMARY KEY("email_connector$pk12certificateid","email_connector$emailaccountid"),
	CONSTRAINT "uniq_email_connector$pk12certificate_emailaccount_email_connector$emailaccountid" UNIQUE ("email_connector$emailaccountid"),
	CONSTRAINT "uniq_email_connector$pk12certificate_emailaccount_email_connector$pk12certificateid" UNIQUE ("email_connector$pk12certificateid"));
CREATE INDEX "idx_email_connector$pk12certificate_emailaccount_email_connector$emailaccount_email_connector$pk12certificate" ON "email_connector$pk12certificate_emailaccount" ("email_connector$emailaccountid" ASC,"email_connector$pk12certificateid" ASC);
INSERT INTO "mendixsystem$association" ("id", 
"association_name", 
"table_name", 
"parent_entity_id", 
"child_entity_id", 
"parent_column_name", 
"child_column_name", 
"index_name")
 VALUES ('f8a2a2ec-d4c7-4e79-af4d-4ba218b132b5', 
'Email_Connector.Pk12Certificate_EmailAccount', 
'email_connector$pk12certificate_emailaccount', 
'a313d851-b953-4188-b711-e6bc2fffef60', 
'0b02802a-37a3-45ac-ab26-2a3921d52fbe', 
'email_connector$pk12certificateid', 
'email_connector$emailaccountid', 
'idx_email_connector$pk12certificate_emailaccount_email_connector$emailaccount_email_connector$pk12certificate');
INSERT INTO "mendixsystem$unique_constraint" ("name", 
"table_id", 
"column_id")
 VALUES ('uniq_email_connector$pk12certificate_emailaccount_email_connector$emailaccountid', 
'f8a2a2ec-d4c7-4e79-af4d-4ba218b132b5', 
'a84e4567-9543-305e-a2ed-2beddf626f71');
INSERT INTO "mendixsystem$unique_constraint" ("name", 
"table_id", 
"column_id")
 VALUES ('uniq_email_connector$pk12certificate_emailaccount_email_connector$pk12certificateid', 
'f8a2a2ec-d4c7-4e79-af4d-4ba218b132b5', 
'4eb500e4-c27e-306d-8837-ad8d100f1089');
CREATE TABLE "email_connector$emailtemplate" (
	"id" BIGINT NOT NULL,
	"templatename" VARCHAR_IGNORECASE(200) NULL,
	"creationdate" TIMESTAMP NULL,
	"subject" VARCHAR_IGNORECASE(200) NULL,
	"sentdate" TIMESTAMP NULL,
	"to" VARCHAR_IGNORECASE(2147483647) NULL,
	"cc" VARCHAR_IGNORECASE(2147483647) NULL,
	"bcc" VARCHAR_IGNORECASE(2147483647) NULL,
	"content" VARCHAR_IGNORECASE(2147483647) NULL,
	"useonlyplaintext" BOOLEAN NULL,
	"hasattachment" BOOLEAN NULL,
	"replyto" VARCHAR_IGNORECASE(200) NULL,
	"plainbody" VARCHAR_IGNORECASE(2147483647) NULL,
	"fromdisplayname" VARCHAR_IGNORECASE(200) NULL,
	"signed" BOOLEAN NULL,
	"encrypted" BOOLEAN NULL,
	"recipientstoggle" BOOLEAN NULL,
	"fromaddress" VARCHAR_IGNORECASE(200) NULL,
	"createddate" TIMESTAMP NULL,
	"changeddate" TIMESTAMP NULL,
	"system$changedby" BIGINT NULL,
	"system$owner" BIGINT NULL,
	PRIMARY KEY("id"));
CREATE INDEX "idx_email_connector$emailtemplate_system$changedby" ON "email_connector$emailtemplate" ("system$changedby" ASC,"id" ASC);
CREATE INDEX "idx_email_connector$emailtemplate_system$owner" ON "email_connector$emailtemplate" ("system$owner" ASC,"id" ASC);
INSERT INTO "mendixsystem$entity" ("id", 
"entity_name", 
"table_name", 
"remote", 
"remote_primary_key")
 VALUES ('0cbf6cd5-1bc5-4263-b48e-3dc60c51eda2', 
'Email_Connector.EmailTemplate', 
'email_connector$emailtemplate', 
false, 
false);
INSERT INTO "mendixsystem$attribute" ("id", 
"entity_id", 
"attribute_name", 
"column_name", 
"type", 
"length", 
"default_value", 
"is_auto_number")
 VALUES ('d91dce13-45b8-4b6e-9c20-e2722c6de2a2', 
'0cbf6cd5-1bc5-4263-b48e-3dc60c51eda2', 
'TemplateName', 
'templatename', 
30, 
200, 
'', 
false);
INSERT INTO "mendixsystem$attribute" ("id", 
"entity_id", 
"attribute_name", 
"column_name", 
"type", 
"length", 
"default_value", 
"is_auto_number")
 VALUES ('a5790155-487b-4087-84c8-1eda676fbc63', 
'0cbf6cd5-1bc5-4263-b48e-3dc60c51eda2', 
'CreationDate', 
'creationdate', 
20, 
0, 
'', 
false);
INSERT INTO "mendixsystem$attribute" ("id", 
"entity_id", 
"attribute_name", 
"column_name", 
"type", 
"length", 
"default_value", 
"is_auto_number")
 VALUES ('7b0a9133-0c25-4588-a195-504a0bd925b4', 
'0cbf6cd5-1bc5-4263-b48e-3dc60c51eda2', 
'Subject', 
'subject', 
30, 
200, 
'', 
false);
INSERT INTO "mendixsystem$attribute" ("id", 
"entity_id", 
"attribute_name", 
"column_name", 
"type", 
"length", 
"default_value", 
"is_auto_number")
 VALUES ('3b457d49-9ca1-4300-9fcd-67417eb0a350', 
'0cbf6cd5-1bc5-4263-b48e-3dc60c51eda2', 
'SentDate', 
'sentdate', 
20, 
0, 
'', 
false);
INSERT INTO "mendixsystem$attribute" ("id", 
"entity_id", 
"attribute_name", 
"column_name", 
"type", 
"length", 
"default_value", 
"is_auto_number")
 VALUES ('94d64be8-a3d5-424d-87e6-e42b39b599ae', 
'0cbf6cd5-1bc5-4263-b48e-3dc60c51eda2', 
'To', 
'to', 
30, 
0, 
'', 
false);
INSERT INTO "mendixsystem$attribute" ("id", 
"entity_id", 
"attribute_name", 
"column_name", 
"type", 
"length", 
"default_value", 
"is_auto_number")
 VALUES ('695e04d2-5dca-445e-b15e-9216805f1230', 
'0cbf6cd5-1bc5-4263-b48e-3dc60c51eda2', 
'CC', 
'cc', 
30, 
0, 
'', 
false);
INSERT INTO "mendixsystem$attribute" ("id", 
"entity_id", 
"attribute_name", 
"column_name", 
"type", 
"length", 
"default_value", 
"is_auto_number")
 VALUES ('15c7d27e-ba8a-4c30-a765-476351187679', 
'0cbf6cd5-1bc5-4263-b48e-3dc60c51eda2', 
'BCC', 
'bcc', 
30, 
0, 
'', 
false);
INSERT INTO "mendixsystem$attribute" ("id", 
"entity_id", 
"attribute_name", 
"column_name", 
"type", 
"length", 
"default_value", 
"is_auto_number")
 VALUES ('9dd23b60-d929-4e3c-84ed-223b25d02609', 
'0cbf6cd5-1bc5-4263-b48e-3dc60c51eda2', 
'Content', 
'content', 
30, 
0, 
'', 
false);
INSERT INTO "mendixsystem$attribute" ("id", 
"entity_id", 
"attribute_name", 
"column_name", 
"type", 
"length", 
"default_value", 
"is_auto_number")
 VALUES ('64b07457-4dd3-4161-9e52-4144c6e88b0e', 
'0cbf6cd5-1bc5-4263-b48e-3dc60c51eda2', 
'UseOnlyPlainText', 
'useonlyplaintext', 
10, 
0, 
'false', 
false);
INSERT INTO "mendixsystem$attribute" ("id", 
"entity_id", 
"attribute_name", 
"column_name", 
"type", 
"length", 
"default_value", 
"is_auto_number")
 VALUES ('706c3cf0-b818-45ee-88ce-f6b9e05d391d', 
'0cbf6cd5-1bc5-4263-b48e-3dc60c51eda2', 
'hasAttachment', 
'hasattachment', 
10, 
0, 
'false', 
false);
INSERT INTO "mendixsystem$attribute" ("id", 
"entity_id", 
"attribute_name", 
"column_name", 
"type", 
"length", 
"default_value", 
"is_auto_number")
 VALUES ('b03ffa0d-db4c-4e4e-8edb-3aee0895a09b', 
'0cbf6cd5-1bc5-4263-b48e-3dc60c51eda2', 
'ReplyTo', 
'replyto', 
30, 
200, 
'', 
false);
INSERT INTO "mendixsystem$attribute" ("id", 
"entity_id", 
"attribute_name", 
"column_name", 
"type", 
"length", 
"default_value", 
"is_auto_number")
 VALUES ('510e562a-1426-43ca-bfc0-29154f142ae5', 
'0cbf6cd5-1bc5-4263-b48e-3dc60c51eda2', 
'PlainBody', 
'plainbody', 
30, 
0, 
'', 
false);
INSERT INTO "mendixsystem$attribute" ("id", 
"entity_id", 
"attribute_name", 
"column_name", 
"type", 
"length", 
"default_value", 
"is_auto_number")
 VALUES ('f0883778-863a-46d7-a7b7-c481fe3957c2', 
'0cbf6cd5-1bc5-4263-b48e-3dc60c51eda2', 
'FromDisplayName', 
'fromdisplayname', 
30, 
200, 
'', 
false);
INSERT INTO "mendixsystem$attribute" ("id", 
"entity_id", 
"attribute_name", 
"column_name", 
"type", 
"length", 
"default_value", 
"is_auto_number")
 VALUES ('91b192f7-4c30-493e-a0ef-bedbb589c59a', 
'0cbf6cd5-1bc5-4263-b48e-3dc60c51eda2', 
'Signed', 
'signed', 
10, 
0, 
'false', 
false);
INSERT INTO "mendixsystem$attribute" ("id", 
"entity_id", 
"attribute_name", 
"column_name", 
"type", 
"length", 
"default_value", 
"is_auto_number")
 VALUES ('4b0c6a67-8df8-438e-9cab-3c25c80ecb24', 
'0cbf6cd5-1bc5-4263-b48e-3dc60c51eda2', 
'Encrypted', 
'encrypted', 
10, 
0, 
'false', 
false);
INSERT INTO "mendixsystem$attribute" ("id", 
"entity_id", 
"attribute_name", 
"column_name", 
"type", 
"length", 
"default_value", 
"is_auto_number")
 VALUES ('a1dc2a1d-1f40-4917-a10d-84d64ccbaa46', 
'0cbf6cd5-1bc5-4263-b48e-3dc60c51eda2', 
'RecipientsToggle', 
'recipientstoggle', 
10, 
0, 
'false', 
false);
INSERT INTO "mendixsystem$attribute" ("id", 
"entity_id", 
"attribute_name", 
"column_name", 
"type", 
"length", 
"default_value", 
"is_auto_number")
 VALUES ('7d91ccd0-99d4-464c-80a7-36c6a1dd0eb1', 
'0cbf6cd5-1bc5-4263-b48e-3dc60c51eda2', 
'FromAddress', 
'fromaddress', 
30, 
200, 
'', 
false);
INSERT INTO "mendixsystem$attribute" ("id", 
"entity_id", 
"attribute_name", 
"column_name", 
"type", 
"length", 
"default_value", 
"is_auto_number")
 VALUES ('0436bdcd-38d7-38cf-bd93-e9082394e259', 
'0cbf6cd5-1bc5-4263-b48e-3dc60c51eda2', 
'createdDate', 
'createddate', 
20, 
0, 
'', 
false);
INSERT INTO "mendixsystem$attribute" ("id", 
"entity_id", 
"attribute_name", 
"column_name", 
"type", 
"length", 
"default_value", 
"is_auto_number")
 VALUES ('05beeb43-2c7c-3bc2-af8c-328b51141966', 
'0cbf6cd5-1bc5-4263-b48e-3dc60c51eda2', 
'changedDate', 
'changeddate', 
20, 
0, 
'', 
false);
INSERT INTO "mendixsystem$index" ("id", 
"table_id", 
"index_name")
 VALUES ('f67bfbe6-fd2d-32f1-8c87-5346d2ac322e', 
'0cbf6cd5-1bc5-4263-b48e-3dc60c51eda2', 
'idx_email_connector$emailtemplate_system$changedby');
INSERT INTO "mendixsystem$index_column" ("index_id", 
"column_id", 
"sort_order", 
"ordinal")
 VALUES ('f67bfbe6-fd2d-32f1-8c87-5346d2ac322e', 
'0e44d448-54a8-3088-b300-ebb483e09532', 
false, 
0);
INSERT INTO "mendixsystem$index" ("id", 
"table_id", 
"index_name")
 VALUES ('017b3dde-9dde-399a-a7bb-cbaa2a4c270d', 
'0cbf6cd5-1bc5-4263-b48e-3dc60c51eda2', 
'idx_email_connector$emailtemplate_system$owner');
INSERT INTO "mendixsystem$index_column" ("index_id", 
"column_id", 
"sort_order", 
"ordinal")
 VALUES ('017b3dde-9dde-399a-a7bb-cbaa2a4c270d', 
'b7a2236d-1023-3cb9-a46b-ecdf4923ce10', 
false, 
0);
INSERT INTO "mendixsystem$association" ("id", 
"association_name", 
"table_name", 
"parent_entity_id", 
"child_entity_id", 
"parent_column_name", 
"child_column_name")
 VALUES ('0e44d448-54a8-3088-b300-ebb483e09532', 
'System.changedBy', 
'system$changedby', 
'0cbf6cd5-1bc5-4263-b48e-3dc60c51eda2', 
'282e2e60-88a5-469d-84a5-ba8d9151644f', 
'id', 
'system$changedby');
INSERT INTO "mendixsystem$association" ("id", 
"association_name", 
"table_name", 
"parent_entity_id", 
"child_entity_id", 
"parent_column_name", 
"child_column_name")
 VALUES ('b7a2236d-1023-3cb9-a46b-ecdf4923ce10', 
'System.owner', 
'system$owner', 
'0cbf6cd5-1bc5-4263-b48e-3dc60c51eda2', 
'282e2e60-88a5-469d-84a5-ba8d9151644f', 
'id', 
'system$owner');
CREATE TABLE "email_connector$emailtemplate_mxobjecttype" (
	"email_connector$emailtemplateid" BIGINT NOT NULL,
	"mxmodelreflection$mxobjecttypeid" BIGINT NOT NULL,
	PRIMARY KEY("email_connector$emailtemplateid","mxmodelreflection$mxobjecttypeid"),
	CONSTRAINT "uniq_email_connector$emailtemplate_mxobjecttype_email_connector$emailtemplateid" UNIQUE ("email_connector$emailtemplateid"));
CREATE INDEX "idx_email_connector$emailtemplate_mxobjecttype_mxmodelreflection$mxobjecttype_email_connector$emailtemplate" ON "email_connector$emailtemplate_mxobjecttype" ("mxmodelreflection$mxobjecttypeid" ASC,"email_connector$emailtemplateid" ASC);
INSERT INTO "mendixsystem$association" ("id", 
"association_name", 
"table_name", 
"parent_entity_id", 
"child_entity_id", 
"parent_column_name", 
"child_column_name", 
"index_name")
 VALUES ('bb24f55b-19fd-4a46-9134-aecb70e125de', 
'Email_Connector.EmailTemplate_MxObjectType', 
'email_connector$emailtemplate_mxobjecttype', 
'0cbf6cd5-1bc5-4263-b48e-3dc60c51eda2', 
'31627a0d-5a4a-44bf-8975-425ea835654a', 
'email_connector$emailtemplateid', 
'mxmodelreflection$mxobjecttypeid', 
'idx_email_connector$emailtemplate_mxobjecttype_mxmodelreflection$mxobjecttype_email_connector$emailtemplate');
INSERT INTO "mendixsystem$unique_constraint" ("name", 
"table_id", 
"column_id")
 VALUES ('uniq_email_connector$emailtemplate_mxobjecttype_email_connector$emailtemplateid', 
'bb24f55b-19fd-4a46-9134-aecb70e125de', 
'c11e1e77-dd0f-3132-a8d0-abbf2771b4a1');
CREATE TABLE "email_connector$emailtemplate_token" (
	"email_connector$emailtemplateid" BIGINT NOT NULL,
	"mxmodelreflection$tokenid" BIGINT NOT NULL,
	PRIMARY KEY("email_connector$emailtemplateid","mxmodelreflection$tokenid"));
CREATE INDEX "idx_email_connector$emailtemplate_token_mxmodelreflection$token_email_connector$emailtemplate" ON "email_connector$emailtemplate_token" ("mxmodelreflection$tokenid" ASC,"email_connector$emailtemplateid" ASC);
INSERT INTO "mendixsystem$association" ("id", 
"association_name", 
"table_name", 
"parent_entity_id", 
"child_entity_id", 
"parent_column_name", 
"child_column_name", 
"index_name")
 VALUES ('059fd814-5875-498a-ade9-f2b759ecb12e', 
'Email_Connector.EmailTemplate_Token', 
'email_connector$emailtemplate_token', 
'0cbf6cd5-1bc5-4263-b48e-3dc60c51eda2', 
'07721668-99e3-49b8-913d-d053de844a06', 
'email_connector$emailtemplateid', 
'mxmodelreflection$tokenid', 
'idx_email_connector$emailtemplate_token_mxmodelreflection$token_email_connector$emailtemplate');
CREATE TABLE "email_connector$oauthprovider" (
	"id" BIGINT NOT NULL,
	"name" VARCHAR_IGNORECASE(50) NULL,
	"clientid" VARCHAR_IGNORECASE(2147483647) NULL,
	"clientsecret" VARCHAR_IGNORECASE(2147483647) NULL,
	"openidwellknownmetadatauri" VARCHAR_IGNORECASE(700) NULL,
	"authorizationendpoint" VARCHAR_IGNORECASE(700) NULL,
	"tokenendpoint" VARCHAR_IGNORECASE(700) NULL,
	"emaildomain" VARCHAR_IGNORECASE(200) NULL,
	"callbackoperationpath" VARCHAR_IGNORECASE(200) NULL,
	"callbackurl" VARCHAR_IGNORECASE(200) NULL,
	"oauthtype" VARCHAR_IGNORECASE(11) NULL,
	"tenantid" VARCHAR_IGNORECASE(200) NULL,
	"createddate" TIMESTAMP NULL,
	"changeddate" TIMESTAMP NULL,
	"system$changedby" BIGINT NULL,
	"system$owner" BIGINT NULL,
	PRIMARY KEY("id"));
CREATE INDEX "idx_email_connector$oauthprovider_system$changedby" ON "email_connector$oauthprovider" ("system$changedby" ASC,"id" ASC);
CREATE INDEX "idx_email_connector$oauthprovider_system$owner" ON "email_connector$oauthprovider" ("system$owner" ASC,"id" ASC);
INSERT INTO "mendixsystem$entity" ("id", 
"entity_name", 
"table_name", 
"remote", 
"remote_primary_key")
 VALUES ('ec69867b-b283-47b5-aed7-fd91272f4962', 
'Email_Connector.OAuthProvider', 
'email_connector$oauthprovider', 
false, 
false);
INSERT INTO "mendixsystem$attribute" ("id", 
"entity_id", 
"attribute_name", 
"column_name", 
"type", 
"length", 
"default_value", 
"is_auto_number")
 VALUES ('5038805b-5478-4417-8b75-c121d778b7ac', 
'ec69867b-b283-47b5-aed7-fd91272f4962', 
'Name', 
'name', 
30, 
50, 
'', 
false);
INSERT INTO "mendixsystem$attribute" ("id", 
"entity_id", 
"attribute_name", 
"column_name", 
"type", 
"length", 
"default_value", 
"is_auto_number")
 VALUES ('3fda456c-bb3a-4170-b0b9-22dcda1f4b91', 
'ec69867b-b283-47b5-aed7-fd91272f4962', 
'ClientID', 
'clientid', 
30, 
0, 
'', 
false);
INSERT INTO "mendixsystem$attribute" ("id", 
"entity_id", 
"attribute_name", 
"column_name", 
"type", 
"length", 
"default_value", 
"is_auto_number")
 VALUES ('ee18a74f-1d49-4c30-8548-b79c1f167198', 
'ec69867b-b283-47b5-aed7-fd91272f4962', 
'ClientSecret', 
'clientsecret', 
30, 
0, 
'', 
false);
INSERT INTO "mendixsystem$attribute" ("id", 
"entity_id", 
"attribute_name", 
"column_name", 
"type", 
"length", 
"default_value", 
"is_auto_number")
 VALUES ('9e8b606b-b741-4700-9351-a7cf3d111266', 
'ec69867b-b283-47b5-aed7-fd91272f4962', 
'OpenIDWellKnownMetadataUri', 
'openidwellknownmetadatauri', 
30, 
700, 
'', 
false);
INSERT INTO "mendixsystem$attribute" ("id", 
"entity_id", 
"attribute_name", 
"column_name", 
"type", 
"length", 
"default_value", 
"is_auto_number")
 VALUES ('4c1cdb9a-242c-44ce-95f7-18678bfe4a34', 
'ec69867b-b283-47b5-aed7-fd91272f4962', 
'AuthorizationEndpoint', 
'authorizationendpoint', 
30, 
700, 
'', 
false);
INSERT INTO "mendixsystem$attribute" ("id", 
"entity_id", 
"attribute_name", 
"column_name", 
"type", 
"length", 
"default_value", 
"is_auto_number")
 VALUES ('f3cb196a-6906-4e77-8a28-62e0a45fb35d', 
'ec69867b-b283-47b5-aed7-fd91272f4962', 
'TokenEndpoint', 
'tokenendpoint', 
30, 
700, 
'', 
false);
INSERT INTO "mendixsystem$attribute" ("id", 
"entity_id", 
"attribute_name", 
"column_name", 
"type", 
"length", 
"default_value", 
"is_auto_number")
 VALUES ('057015d8-52e2-4592-b1ec-b56a2afd3004', 
'ec69867b-b283-47b5-aed7-fd91272f4962', 
'EmailDomain', 
'emaildomain', 
30, 
200, 
'', 
false);
INSERT INTO "mendixsystem$attribute" ("id", 
"entity_id", 
"attribute_name", 
"column_name", 
"type", 
"length", 
"default_value", 
"is_auto_number")
 VALUES ('464d490d-9f89-46a5-9303-276cd3952ac2', 
'ec69867b-b283-47b5-aed7-fd91272f4962', 
'CallbackOperationPath', 
'callbackoperationpath', 
30, 
200, 
'', 
false);
INSERT INTO "mendixsystem$attribute" ("id", 
"entity_id", 
"attribute_name", 
"column_name", 
"type", 
"length", 
"default_value", 
"is_auto_number")
 VALUES ('7c1fd8c4-ff75-48ad-8143-f2c2473277e5', 
'ec69867b-b283-47b5-aed7-fd91272f4962', 
'CallbackURL', 
'callbackurl', 
30, 
200, 
'', 
false);
INSERT INTO "mendixsystem$attribute" ("id", 
"entity_id", 
"attribute_name", 
"column_name", 
"type", 
"length", 
"default_value", 
"is_auto_number")
 VALUES ('ee49e2e8-802b-4232-9a00-a4f4276cdc8d', 
'ec69867b-b283-47b5-aed7-fd91272f4962', 
'OAuthType', 
'oauthtype', 
40, 
11, 
'', 
false);
INSERT INTO "mendixsystem$attribute" ("id", 
"entity_id", 
"attribute_name", 
"column_name", 
"type", 
"length", 
"default_value", 
"is_auto_number")
 VALUES ('9f8b5869-3eeb-4c8c-88f6-22f2e91c776c', 
'ec69867b-b283-47b5-aed7-fd91272f4962', 
'TenantID', 
'tenantid', 
30, 
200, 
'', 
false);
INSERT INTO "mendixsystem$attribute" ("id", 
"entity_id", 
"attribute_name", 
"column_name", 
"type", 
"length", 
"default_value", 
"is_auto_number")
 VALUES ('97da4537-f004-3a8d-b55f-349d72348bb1', 
'ec69867b-b283-47b5-aed7-fd91272f4962', 
'createdDate', 
'createddate', 
20, 
0, 
'', 
false);
INSERT INTO "mendixsystem$attribute" ("id", 
"entity_id", 
"attribute_name", 
"column_name", 
"type", 
"length", 
"default_value", 
"is_auto_number")
 VALUES ('20594205-a428-3533-8147-328a2a9f55ed', 
'ec69867b-b283-47b5-aed7-fd91272f4962', 
'changedDate', 
'changeddate', 
20, 
0, 
'', 
false);
INSERT INTO "mendixsystem$index" ("id", 
"table_id", 
"index_name")
 VALUES ('5578f57a-85f4-3604-bf54-8c06a17c6c40', 
'ec69867b-b283-47b5-aed7-fd91272f4962', 
'idx_email_connector$oauthprovider_system$changedby');
INSERT INTO "mendixsystem$index_column" ("index_id", 
"column_id", 
"sort_order", 
"ordinal")
 VALUES ('5578f57a-85f4-3604-bf54-8c06a17c6c40', 
'686cb8da-e0ac-3677-83e3-d808bff43a3f', 
false, 
0);
INSERT INTO "mendixsystem$index" ("id", 
"table_id", 
"index_name")
 VALUES ('1618a2ff-9b5d-3e40-9d09-5fea768dc020', 
'ec69867b-b283-47b5-aed7-fd91272f4962', 
'idx_email_connector$oauthprovider_system$owner');
INSERT INTO "mendixsystem$index_column" ("index_id", 
"column_id", 
"sort_order", 
"ordinal")
 VALUES ('1618a2ff-9b5d-3e40-9d09-5fea768dc020', 
'39a542e8-1bd2-3d45-9995-4c1aaded2611', 
false, 
0);
INSERT INTO "mendixsystem$association" ("id", 
"association_name", 
"table_name", 
"parent_entity_id", 
"child_entity_id", 
"parent_column_name", 
"child_column_name")
 VALUES ('686cb8da-e0ac-3677-83e3-d808bff43a3f', 
'System.changedBy', 
'system$changedby', 
'ec69867b-b283-47b5-aed7-fd91272f4962', 
'282e2e60-88a5-469d-84a5-ba8d9151644f', 
'id', 
'system$changedby');
INSERT INTO "mendixsystem$association" ("id", 
"association_name", 
"table_name", 
"parent_entity_id", 
"child_entity_id", 
"parent_column_name", 
"child_column_name")
 VALUES ('39a542e8-1bd2-3d45-9995-4c1aaded2611', 
'System.owner', 
'system$owner', 
'ec69867b-b283-47b5-aed7-fd91272f4962', 
'282e2e60-88a5-469d-84a5-ba8d9151644f', 
'id', 
'system$owner');
UPDATE "mendixsystem$version"
 SET "versionnumber" = '4.2', 
"lastsyncdate" = '20241201 12:33:23';
